id,dataset_path,device,output_to,output_model_weights_to,verbose,dt_splits,dt_samples_limit,dt_templates,dt_apply_template,dt_ess_sm_path,dt_extra_similar_sents,dt_ess_sm_k,dt_ess_sm_batch_size,dt_sents_vector_type,nn_store_model_weights,nn_batch_size,nn_epochs,nn_grad_clipping,nn_use_scheduler,nn_scheduler_power,nn_dropout_prob,nn_optimizer,nn_opt_momentum,nn_bbox_hidden_dim,nn_opt_learning_rate,nn_wd,nn_film_layers,nn_fg_bg_percentile,nn_giou_lambda,nn_l1_lambda,nn_bce_lambda,comb_id,nn_scheduler,test_losses,train_losses,avg_iou_accuracy,exp_id,nn_reload_weights_from,dt_full_test_set
1,dataset/refcocog,cuda,output,models/mynet.pth,False,"['test', 'train', 'val']",0.8,"['a photo of {}', '{} in the picture', '{} in the foreground/background', 'an image showing {}']",True,matrices,False,1,512,Mean,True,32,5,False,True,0.7,0.3,AdamW,0.9,256,1e-05,1e-06,3,80,0,0.0,1,false_true_1_3_true_0.7_false_adamw_0.3_1e-05_256_1e-06_0_0_1,True,"[0.3558617830276489, 0.41660165786743164]","[0.4468538490208713, 0.4168198677626523, 0.40620124340057373, 0.40013162114403467, 0.3966964835470373]",0.1155,1,,True
2,dataset/refcocog,cuda,output,models/mynet.pth,False,"['test', 'train', 'val']",0.8,"['a photo of {}', '{} in the picture', '{} in the foreground/background', 'an image showing {}']",True,matrices,False,1,512,Mean,True,32,5,False,True,0.7,0.3,AdamW,0.9,256,1e-05,1e-06,3,80,0,0.0,2,false_true_1_3_true_0.7_false_adamw_0.3_1e-05_256_1e-06_0_0_2,True,"[0.6960623264312744, 0.8267372250556946]","[0.8933777700770985, 0.8243733969601718, 0.797656698660417, 0.782261154868386, 0.7796837741678412]",0.1885,2,,True
3,dataset/refcocog,cuda,output,models/mynet.pth,False,"['test', 'train', 'val']",0.8,"['a photo of {}', '{} in the picture', '{} in the foreground/background', 'an image showing {}']",True,matrices,False,1,512,Mean,True,32,5,False,True,0.7,0.3,AdamW,0.9,256,1e-05,1e-06,3,80,0,0.0,4,false_true_1_3_true_0.7_false_adamw_0.3_1e-05_256_1e-06_0_0_4,True,"[1.4725641012191772, 1.6656062602996826]","[1.7965416799892078, 1.681351195682179, 1.6483272855932063, 1.6239191727204756, 1.5996520519256592]",0.1225,3,,True
4,dataset/refcocog,cuda,output,models/mynet.pth,False,"['test', 'train', 'val']",0.8,"['a photo of {}', '{} in the picture', '{} in the foreground/background', 'an image showing {}']",True,matrices,False,1,512,Mean,True,32,5,False,True,0.7,0.3,AdamW,0.9,256,1e-05,1e-06,3,80,0,0.001,0,false_true_1_3_true_0.7_false_adamw_0.3_1e-05_256_1e-06_0_0.001_0,True,"[0.4040199816226959, 0.436503529548645]","[0.5284281291744926, 0.437875360250473, 0.42408373139121314, 0.4242902289737355, 0.4246987131508914]",0.2172,4,,True
5,dataset/refcocog,cuda,output,models/mynet.pth,False,"['test', 'train', 'val']",0.8,"['a photo of {}', '{} in the picture', '{} in the foreground/background', 'an image showing {}']",True,matrices,False,1,512,Mean,True,32,5,False,True,0.7,0.3,AdamW,0.9,256,1e-05,1e-06,3,80,0,0.001,1,false_true_1_3_true_0.7_false_adamw_0.3_1e-05_256_1e-06_0_0.001_1,True,"[0.7275950908660889, 0.8092266321182251]","[1.0040568655187434, 0.8874068422750994, 0.8467462442137978, 0.826742789962075, 0.8222123601219871]",0.2307,5,,True
6,dataset/refcocog,cuda,output,models/mynet.pth,False,"['test', 'train', 'val']",0.8,"['a photo of {}', '{} in the picture', '{} in the foreground/background', 'an image showing {}']",True,matrices,False,1,512,Mean,True,32,5,False,True,0.7,0.3,AdamW,0.9,256,1e-05,1e-06,3,80,0,0.001,2,false_true_1_3_true_0.7_false_adamw_0.3_1e-05_256_1e-06_0_0.001_2,True,"[1.100669503211975, 1.2326462268829346]","[1.5180304809050127, 1.339192422953519, 1.2673250761899082, 1.243426583030007, 1.227957086129622]",0.2311,6,,True
7,dataset/refcocog,cuda,output,models/mynet.pth,False,"['test', 'train', 'val']",0.8,"['a photo of {}', '{} in the picture', '{} in the foreground/background', 'an image showing {}']",True,matrices,False,1,512,Mean,True,32,5,False,True,0.7,0.3,AdamW,0.9,256,1e-05,1e-06,3,80,0,0.001,4,false_true_1_3_true_0.7_false_adamw_0.3_1e-05_256_1e-06_0_0.001_4,True,"[1.8022230863571167, 2.0298919677734375]","[2.3186344883658667, 2.1164189035242256, 2.0677625374360518, 2.0399398045106367, 2.0110726789994673]",0.2076,7,,True
8,dataset/refcocog,cuda,output,models/mynet.pth,False,"['test', 'train', 'val']",0.8,"['a photo of {}', '{} in the picture', '{} in the foreground/background', 'an image showing {}']",True,matrices,False,1,512,Mean,True,32,5,False,True,0.7,0.3,AdamW,0.9,256,1e-05,1e-06,3,80,0,0.005,0,false_true_1_3_true_0.7_false_adamw_0.3_1e-05_256_1e-06_0_0.005_0,True,"[1.8977144956588745, 2.0644257068634033]","[2.336124810305509, 2.1153223622928965, 2.0748526833274146, 2.1141081398183648, 2.101827784018083]",0.2187,8,,True
9,dataset/refcocog,cuda,output,models/mynet.pth,False,"['test', 'train', 'val']",0.8,"['a photo of {}', '{} in the picture', '{} in the foreground/background', 'an image showing {}']",True,matrices,False,1,512,Mean,True,32,5,False,True,0.7,0.3,AdamW,0.9,256,1e-05,1e-06,3,80,0,0.005,1,false_true_1_3_true_0.7_false_adamw_0.3_1e-05_256_1e-06_0_0.005_1,True,"[2.2291927337646484, 2.414384126663208]","[3.325253790075129, 2.8325004144148394, 2.662723021073775, 2.544493956999345, 2.548299464312467]",0.2277,9,,True
10,dataset/refcocog,cuda,output,models/mynet.pth,False,"['test', 'train', 'val']",0.8,"['a photo of {}', '{} in the picture', '{} in the foreground/background', 'an image showing {}']",True,matrices,False,1,512,Mean,True,32,5,False,True,0.7,0.3,AdamW,0.9,256,1e-05,1e-06,3,80,0,0.005,2,false_true_1_3_true_0.7_false_adamw_0.3_1e-05_256_1e-06_0_0.005_2,True,"[2.57737398147583, 2.854041576385498]","[3.75712158463218, 3.23924428766424, 3.0529417341405694, 2.9543711705641313, 2.925052534450184]",0.2255,10,,True
11,dataset/refcocog,cuda,output,models/mynet.pth,False,"['test', 'train', 'val']",0.8,"['a photo of {}', '{} in the picture', '{} in the foreground/background', 'an image showing {}']",True,matrices,False,1,512,Mean,True,32,5,False,True,0.7,0.3,AdamW,0.9,256,1e-05,1e-06,3,80,0,0.005,4,false_true_1_3_true_0.7_false_adamw_0.3_1e-05_256_1e-06_0_0.005_4,True,"[3.280484676361084, 3.6270151138305664]","[4.415941931984642, 3.8880980665033515, 3.7745426134629683, 3.6917422901500356, 3.7003707668998023]",0.2213,11,,True
12,dataset/refcocog,cuda,output,models/mynet.pth,False,"['test', 'train', 'val']",0.8,"['a photo of {}', '{} in the picture', '{} in the foreground/background', 'an image showing {}']",True,matrices,False,1,512,Mean,True,32,5,False,True,0.7,0.3,AdamW,0.9,256,1e-05,1e-06,3,80,0,0.0001,0,false_true_1_3_true_0.7_false_adamw_0.3_1e-05_256_1e-06_0_0.0001_0,True,"[0.03747595474123955, 0.040371108800172806]","[0.052149601619352, 0.044656362045894966, 0.042904354970563545, 0.04238374429670247, 0.042403013868765396]",0.2117,12,,True
13,dataset/refcocog,cuda,output,models/mynet.pth,False,"['test', 'train', 'val']",0.8,"['a photo of {}', '{} in the picture', '{} in the foreground/background', 'an image showing {}']",True,matrices,False,1,512,Mean,True,32,5,False,True,0.7,0.3,AdamW,0.9,256,1e-05,1e-06,3,80,0,0.0001,1,false_true_1_3_true_0.7_false_adamw_0.3_1e-05_256_1e-06_0_0.0001_1,True,"[0.39606785774230957, 0.4449194073677063]","[0.4840103740041906, 0.45459410548210144, 0.4458934691819278, 0.44061645052649756, 0.4392033815383911]",0.2222,13,,True
14,dataset/refcocog,cuda,output,models/mynet.pth,False,"['test', 'train', 'val']",0.8,"['a photo of {}', '{} in the picture', '{} in the foreground/background', 'an image showing {}']",True,matrices,False,1,512,Mean,True,32,5,False,True,0.7,0.3,AdamW,0.9,256,1e-05,1e-06,3,80,0,0.0001,2,false_true_1_3_true_0.7_false_adamw_0.3_1e-05_256_1e-06_0_0.0001_2,True,"[0.7502405047416687, 0.8512808680534363]","[1.0255635597489097, 0.9167336984114214, 0.878580776127902, 0.8607409759001299, 0.8493907234885476]",0.2458,14,,True
15,dataset/refcocog,cuda,output,models/mynet.pth,False,"['test', 'train', 'val']",0.8,"['a photo of {}', '{} in the picture', '{} in the foreground/background', 'an image showing {}']",True,matrices,False,1,512,Mean,True,32,5,False,True,0.7,0.3,AdamW,0.9,256,1e-05,1e-06,3,80,0,0.0001,4,false_true_1_3_true_0.7_false_adamw_0.3_1e-05_256_1e-06_0_0.0001_4,True,"[1.4765318632125854, 1.6558393239974976]","[1.9069669896906072, 1.735294298692183, 1.6853944279930808, 1.6462187333540483, 1.6306105960499158]",0.2343,15,,True
16,dataset/refcocog,cuda,output,models/mynet.pth,False,"['test', 'train', 'val']",0.8,"['a photo of {}', '{} in the picture', '{} in the foreground/background', 'an image showing {}']",True,matrices,False,1,512,Mean,True,32,5,False,True,0.7,0.3,AdamW,0.9,256,1e-05,1e-06,3,80,1,0.0,0,false_true_1_3_true_0.7_false_adamw_0.3_1e-05_256_1e-06_1_0_0,True,"[0.8055945634841919, 0.8150756359100342]","[1.1418923031200061, 0.9719082388010892, 0.9115805246613242, 0.8745812448588285, 0.85270771113309]",0.2454,16,,True
17,dataset/refcocog,cuda,output,models/mynet.pth,False,"['test', 'train', 'val']",0.8,"['a photo of {}', '{} in the picture', '{} in the foreground/background', 'an image showing {}']",True,matrices,False,1,512,Mean,True,32,5,False,True,0.7,0.3,AdamW,0.9,256,1e-05,1e-06,3,80,1,0.0,1,false_true_1_3_true_0.7_false_adamw_0.3_1e-05_256_1e-06_1_0_1,True,"[1.1713285446166992, 1.2410097122192383]","[1.6466591249812732, 1.4339423287998547, 1.367798382585699, 1.3187992356040261, 1.2984223690899936]",0.2556,17,,True
18,dataset/refcocog,cuda,output,models/mynet.pth,False,"['test', 'train', 'val']",0.8,"['a photo of {}', '{} in the picture', '{} in the foreground/background', 'an image showing {}']",True,matrices,False,1,512,Mean,True,32,5,False,True,0.7,0.3,AdamW,0.9,256,1e-05,1e-06,3,80,1,0.0,2,false_true_1_3_true_0.7_false_adamw_0.3_1e-05_256_1e-06_1_0_2,True,"[1.5006357431411743, 1.6257826089859009]","[1.9890585921027444, 1.8064747832038186, 1.7395444133064963, 1.686095421964472, 1.6636021462353794]",0.2541,18,,True
19,dataset/refcocog,cuda,output,models/mynet.pth,False,"['test', 'train', 'val']",0.8,"['a photo of {}', '{} in the picture', '{} in the foreground/background', 'an image showing {}']",True,matrices,False,1,512,Mean,True,32,5,False,True,0.7,0.3,AdamW,0.9,256,1e-05,1e-06,3,80,1,0.0,4,false_true_1_3_true_0.7_false_adamw_0.3_1e-05_256_1e-06_1_0_4,True,"[2.2406697273254395, 2.417670249938965]","[2.9083998636765913, 2.6357857530767266, 2.5575451850891113, 2.4910974502563477, 2.461699507453225]",0.2595,19,,True
20,dataset/refcocog,cuda,output,models/mynet.pth,False,"['test', 'train', 'val']",0.8,"['a photo of {}', '{} in the picture', '{} in the foreground/background', 'an image showing {}']",True,matrices,False,1,512,Mean,True,32,5,False,True,0.7,0.3,AdamW,0.9,256,1e-05,1e-06,3,80,1,0.001,0,false_true_1_3_true_0.7_false_adamw_0.3_1e-05_256_1e-06_1_0.001_0,True,"[1.2195675373077393, 1.2444806098937988]","[1.512832446531816, 1.3408017700368708, 1.2869043025103482, 1.256819248199463, 1.2661166949705644]",0.2331,20,,True
21,dataset/refcocog,cuda,output,models/mynet.pth,False,"['test', 'train', 'val']",0.8,"['a photo of {}', '{} in the picture', '{} in the foreground/background', 'an image showing {}']",True,matrices,False,1,512,Mean,True,32,5,False,True,0.7,0.3,AdamW,0.9,256,1e-05,1e-06,3,80,1,0.001,1,false_true_1_3_true_0.7_false_adamw_0.3_1e-05_256_1e-06_1_0.001_1,True,"[1.559444785118103, 1.660010576248169]","[1.9980746182528408, 1.775514613498341, 1.717588717287237, 1.6770056594501843, 1.6792605465108699]",0.2448,21,,True
22,dataset/refcocog,cuda,output,models/mynet.pth,False,"['test', 'train', 'val']",0.8,"['a photo of {}', '{} in the picture', '{} in the foreground/background', 'an image showing {}']",True,matrices,False,1,512,Mean,True,32,5,False,True,0.7,0.3,AdamW,0.9,256,1e-05,1e-06,3,80,1,0.001,2,false_true_1_3_true_0.7_false_adamw_0.3_1e-05_256_1e-06_1_0.001_2,True,"[1.9235478639602661, 2.0832622051239014]","[2.4938771941445093, 2.234617926857688, 2.1536058729345147, 2.1097412109375, 2.083921259099787]",0.2417,22,,True
23,dataset/refcocog,cuda,output,models/mynet.pth,False,"['test', 'train', 'val']",0.8,"['a photo of {}', '{} in the picture', '{} in the foreground/background', 'an image showing {}']",True,matrices,False,1,512,Mean,True,32,5,False,True,0.7,0.3,AdamW,0.9,256,1e-05,1e-06,3,80,1,0.001,4,false_true_1_3_true_0.7_false_adamw_0.3_1e-05_256_1e-06_1_0.001_4,True,"[2.6408309936523438, 2.8632495403289795]","[3.4331364848396997, 3.1323002034967597, 2.9870939038016577, 2.921632918444547, 2.8688817024230957]",0.2557,23,,True
24,dataset/refcocog,cuda,output,models/mynet.pth,False,"['test', 'train', 'val']",0.8,"['a photo of {}', '{} in the picture', '{} in the foreground/background', 'an image showing {}']",True,matrices,False,1,512,Mean,True,32,5,False,True,0.7,0.3,AdamW,0.9,256,1e-05,1e-06,3,80,1,0.005,0,false_true_1_3_true_0.7_false_adamw_0.3_1e-05_256_1e-06_1_0.005_0,True,"[2.8140788078308105, 2.9614615440368652]","[3.8346036564220083, 3.236696308309382, 3.0382297689264472, 3.01545110615817, 2.9812945452603428]",0.2348,24,,True
25,dataset/refcocog,cuda,output,models/mynet.pth,False,"['test', 'train', 'val']",0.8,"['a photo of {}', '{} in the picture', '{} in the foreground/background', 'an image showing {}']",True,matrices,False,1,512,Mean,True,32,5,False,True,0.7,0.3,AdamW,0.9,256,1e-05,1e-06,3,80,1,0.005,1,false_true_1_3_true_0.7_false_adamw_0.3_1e-05_256_1e-06_1_0.005_1,True,"[3.0812883377075195, 3.2837448120117188]","[4.219558173959905, 3.6621023308147085, 3.493105346506292, 3.438133564862338, 3.408845381303267]",0.2331,25,,True
26,dataset/refcocog,cuda,output,models/mynet.pth,False,"['test', 'train', 'val']",0.8,"['a photo of {}', '{} in the picture', '{} in the foreground/background', 'an image showing {}']",True,matrices,False,1,512,Mean,True,32,5,False,True,0.7,0.3,AdamW,0.9,256,1e-05,1e-06,3,80,1,0.005,2,false_true_1_3_true_0.7_false_adamw_0.3_1e-05_256_1e-06_1_0.005_2,True,"[3.443561553955078, 3.70284366607666]","[5.066483714363792, 4.243447217074308, 3.9452325214039194, 3.8372635407881304, 3.8164238279516045]",0.2339,26,,True
27,dataset/refcocog,cuda,output,models/mynet.pth,False,"['test', 'train', 'val']",0.8,"['a photo of {}', '{} in the picture', '{} in the foreground/background', 'an image showing {}']",True,matrices,False,1,512,Mean,True,32,5,False,True,0.7,0.3,AdamW,0.9,256,1e-05,1e-06,3,80,1,0.005,4,false_true_1_3_true_0.7_false_adamw_0.3_1e-05_256_1e-06_1_0.005_4,True,"[4.164525032043457, 4.538675785064697]","[6.137514721263539, 5.365635004910556, 5.014707088470459, 4.835850368846547, 4.792257265611128]",0.242,27,,True
28,dataset/refcocog,cuda,output,models/mynet.pth,False,"['test', 'train', 'val']",0.8,"['a photo of {}', '{} in the picture', '{} in the foreground/background', 'an image showing {}']",True,matrices,False,1,512,Mean,True,32,5,False,True,0.7,0.3,AdamW,0.9,256,1e-05,1e-06,3,80,1,0.0001,0,false_true_1_3_true_0.7_false_adamw_0.3_1e-05_256_1e-06_1_0.0001_0,True,"[0.837593674659729, 0.8676419258117676]","[1.008968553759835, 0.9261658950285478, 0.8775376785885204, 0.863078691742637, 0.8567676815119657]",0.2233,28,,True
29,dataset/refcocog,cuda,output,models/mynet.pth,False,"['test', 'train', 'val']",0.8,"['a photo of {}', '{} in the picture', '{} in the foreground/background', 'an image showing {}']",True,matrices,False,1,512,Mean,True,32,5,False,True,0.7,0.3,AdamW,0.9,256,1e-05,1e-06,3,80,1,0.0001,1,false_true_1_3_true_0.7_false_adamw_0.3_1e-05_256_1e-06_1_0.0001_1,True,"[1.1904065608978271, 1.271287202835083]","[1.5283447070555254, 1.3995614702051336, 1.3407191579992122, 1.3229256651618264, 1.296998609196056]",0.2515,29,,True
30,dataset/refcocog,cuda,output,models/mynet.pth,False,"['test', 'train', 'val']",0.8,"['a photo of {}', '{} in the picture', '{} in the foreground/background', 'an image showing {}']",True,matrices,False,1,512,Mean,True,32,5,False,True,0.7,0.3,AdamW,0.9,256,1e-05,1e-06,3,80,1,0.0001,2,false_true_1_3_true_0.7_false_adamw_0.3_1e-05_256_1e-06_1_0.0001_2,True,"[1.5680584907531738, 1.6928861141204834]","[2.0522483587265015, 1.8491244532845237, 1.7851126194000244, 1.7378024079582908, 1.716372999277982]",0.2469,30,,True
31,dataset/refcocog,cuda,output,models/mynet.pth,False,"['test', 'train', 'val']",0.8,"['a photo of {}', '{} in the picture', '{} in the foreground/background', 'an image showing {}']",True,matrices,False,1,512,Mean,True,32,5,False,True,0.7,0.3,AdamW,0.9,256,1e-05,1e-06,3,80,1,0.0001,4,false_true_1_3_true_0.7_false_adamw_0.3_1e-05_256_1e-06_1_0.0001_4,True,"[2.2739906311035156, 2.538198471069336]","[2.9827965172854336, 2.7139032754031094, 2.6013069369576196, 2.558708364313299, 2.508401025425304]",0.2583,31,,True
32,dataset/refcocog,cuda,output,models/mynet.pth,False,"['test', 'train', 'val']",0.8,"['a photo of {}', '{} in the picture', '{} in the foreground/background', 'an image showing {}']",True,matrices,False,1,512,Mean,True,32,5,False,True,0.7,0.3,AdamW,0.9,256,1e-05,1e-06,3,80,2,0.0,0,false_true_1_3_true_0.7_false_adamw_0.3_1e-05_256_1e-06_2_0_0,True,"[1.5673413276672363, 1.6150391101837158]","[2.0291178985075518, 1.7808573029258035, 1.675377607345581, 1.64590200510892, 1.634271957657554]",0.2345,32,,True
33,dataset/refcocog,cuda,output,models/mynet.pth,False,"['test', 'train', 'val']",0.8,"['a photo of {}', '{} in the picture', '{} in the foreground/background', 'an image showing {}']",True,matrices,False,1,512,Mean,True,32,5,False,True,0.7,0.3,AdamW,0.9,256,1e-05,1e-06,3,80,2,0.0,1,false_true_1_3_true_0.7_false_adamw_0.3_1e-05_256_1e-06_2_0_1,True,"[1.9413478374481201, 2.01750111579895]","[2.4968839558688076, 2.267011035572399, 2.1923015117645264, 2.1345506581393154, 2.1080952015790073]",0.2522,33,,True
34,dataset/refcocog,cuda,output,models/mynet.pth,False,"['test', 'train', 'val']",0.8,"['a photo of {}', '{} in the picture', '{} in the foreground/background', 'an image showing {}']",True,matrices,False,1,512,Mean,True,32,5,False,True,0.7,0.3,AdamW,0.9,256,1e-05,1e-06,3,80,2,0.0,2,false_true_1_3_true_0.7_false_adamw_0.3_1e-05_256_1e-06_2_0_2,True,"[2.3212385177612305, 2.499185562133789]","[3.105069940740412, 2.780955184589733, 2.67427565834739, 2.5987076976082544, 2.5649382201108066]",0.2497,34,,True
35,dataset/refcocog,cuda,output,models/mynet.pth,False,"['test', 'train', 'val']",0.8,"['a photo of {}', '{} in the picture', '{} in the foreground/background', 'an image showing {}']",True,matrices,False,1,512,Mean,True,32,5,False,True,0.7,0.3,AdamW,0.9,256,1e-05,1e-06,3,80,2,0.0,4,false_true_1_3_true_0.7_false_adamw_0.3_1e-05_256_1e-06_2_0_4,True,"[3.026496410369873, 3.362121820449829]","[3.8896113525737417, 3.536510640924627, 3.4159413251009854, 3.3430776596069336, 3.2971428741108286]",0.2448,35,,True
36,dataset/refcocog,cuda,output,models/mynet.pth,False,"['test', 'train', 'val']",0.8,"['a photo of {}', '{} in the picture', '{} in the foreground/background', 'an image showing {}']",True,matrices,False,1,512,Mean,True,32,5,False,True,0.7,0.3,AdamW,0.9,256,1e-05,1e-06,3,80,2,0.001,0,false_true_1_3_true_0.7_false_adamw_0.3_1e-05_256_1e-06_2_0.001_0,True,"[1.971097707748413, 2.02593994140625]","[2.4582081491296943, 2.2315065644004126, 2.135352676564997, 2.1172854033383457, 2.07690231366591]",0.2357,36,,True
37,dataset/refcocog,cuda,output,models/mynet.pth,False,"['test', 'train', 'val']",0.8,"['a photo of {}', '{} in the picture', '{} in the foreground/background', 'an image showing {}']",True,matrices,False,1,512,Mean,True,32,5,False,True,0.7,0.3,AdamW,0.9,256,1e-05,1e-06,3,80,2,0.001,1,false_true_1_3_true_0.7_false_adamw_0.3_1e-05_256_1e-06_2_0.001_1,True,"[2.324432373046875, 2.463679552078247]","[2.9652187390760942, 2.7285377112301914, 2.623294721950184, 2.559902234510942, 2.542417352849787]",0.2508,37,,True
38,dataset/refcocog,cuda,output,models/mynet.pth,False,"['test', 'train', 'val']",0.8,"['a photo of {}', '{} in the picture', '{} in the foreground/background', 'an image showing {}']",True,matrices,False,1,512,Mean,True,32,5,False,True,0.7,0.3,AdamW,0.9,256,1e-05,1e-06,3,80,2,0.001,2,false_true_1_3_true_0.7_false_adamw_0.3_1e-05_256_1e-06_2_0.001_2,True,"[2.6977853775024414, 2.927414894104004]","[3.5393478003415195, 3.1762294335798784, 3.063950040123679, 2.984308372844349, 2.9471880956129595]",0.2472,38,,True
39,dataset/refcocog,cuda,output,models/mynet.pth,False,"['test', 'train', 'val']",0.8,"['a photo of {}', '{} in the picture', '{} in the foreground/background', 'an image showing {}']",True,matrices,False,1,512,Mean,True,32,5,False,True,0.7,0.3,AdamW,0.9,256,1e-05,1e-06,3,80,2,0.001,4,false_true_1_3_true_0.7_false_adamw_0.3_1e-05_256_1e-06_2_0.001_4,True,"[3.46195387840271, 3.80056095123291]","[5.033943479711359, 4.384195761247114, 4.072025602514094, 3.94944073937156, 3.865955287759954]",0.2553,39,,True
40,dataset/refcocog,cuda,output,models/mynet.pth,False,"['test', 'train', 'val']",0.8,"['a photo of {}', '{} in the picture', '{} in the foreground/background', 'an image showing {}']",True,matrices,False,1,512,Mean,True,32,5,False,True,0.7,0.3,AdamW,0.9,256,1e-05,1e-06,3,80,2,0.005,0,false_true_1_3_true_0.7_false_adamw_0.3_1e-05_256_1e-06_2_0.005_0,True,"[3.6186723709106445, 3.730278968811035]","[4.583387071436102, 4.031801722266457, 3.9349583062258633, 3.8277147683230313, 3.81342415376143]",0.2334,40,,True
41,dataset/refcocog,cuda,output,models/mynet.pth,False,"['test', 'train', 'val']",0.8,"['a photo of {}', '{} in the picture', '{} in the foreground/background', 'an image showing {}']",True,matrices,False,1,512,Mean,True,32,5,False,True,0.7,0.3,AdamW,0.9,256,1e-05,1e-06,3,80,2,0.005,1,false_true_1_3_true_0.7_false_adamw_0.3_1e-05_256_1e-06_2_0.005_1,True,"[3.9025042057037354, 4.095712661743164]","[6.012246825478294, 4.946364836259321, 4.616466478867964, 4.389507033608177, 4.353686072609642]",0.2491,41,,True
42,dataset/refcocog,cuda,output,models/mynet.pth,False,"['test', 'train', 'val']",0.8,"['a photo of {}', '{} in the picture', '{} in the foreground/background', 'an image showing {}']",True,matrices,False,1,512,Mean,True,32,5,False,True,0.7,0.3,AdamW,0.9,256,1e-05,1e-06,3,80,2,0.005,2,false_true_1_3_true_0.7_false_adamw_0.3_1e-05_256_1e-06_2_0.005_2,True,"[4.301313400268555, 4.603263854980469]","[5.280978376215154, 4.830368345434016, 4.672617262059992, 4.651418512517756, 4.625259052623402]",0.2376,42,,True
43,dataset/refcocog,cuda,output,models/mynet.pth,False,"['test', 'train', 'val']",0.8,"['a photo of {}', '{} in the picture', '{} in the foreground/background', 'an image showing {}']",True,matrices,False,1,512,Mean,True,32,5,False,True,0.7,0.3,AdamW,0.9,256,1e-05,1e-06,3,80,2,0.005,4,false_true_1_3_true_0.7_false_adamw_0.3_1e-05_256_1e-06_2_0.005_4,True,"[4.954621315002441, 5.360365867614746]","[6.889518737792969, 6.072815895080566, 5.713034283031117, 5.540162129835649, 5.504091869701039]",0.2458,43,,True
44,dataset/refcocog,cuda,output,models/mynet.pth,False,"['test', 'train', 'val']",0.8,"['a photo of {}', '{} in the picture', '{} in the foreground/background', 'an image showing {}']",True,matrices,False,1,512,Mean,True,32,5,False,True,0.7,0.3,AdamW,0.9,256,1e-05,1e-06,3,80,2,0.0001,0,false_true_1_3_true_0.7_false_adamw_0.3_1e-05_256_1e-06_2_0.0001_0,True,"[1.627209186553955, 1.683280110359192]","[2.143985564058477, 1.9222704063762317, 1.8151776248758489, 1.7640747590498491, 1.7273011857813054]",0.2352,44,,True
45,dataset/refcocog,cuda,output,models/mynet.pth,False,"['test', 'train', 'val']",0.8,"['a photo of {}', '{} in the picture', '{} in the foreground/background', 'an image showing {}']",True,matrices,False,1,512,Mean,True,32,5,False,True,0.7,0.3,AdamW,0.9,256,1e-05,1e-06,3,80,2,0.0001,1,false_true_1_3_true_0.7_false_adamw_0.3_1e-05_256_1e-06_2_0.0001_1,True,"[2.0396313667297363, 2.085435390472412]","[3.0655972090634434, 2.5827043706720527, 2.400482719594782, 2.3050184466622095, 2.2771253369071265]",0.257,45,,True
46,dataset/refcocog,cuda,output,models/mynet.pth,False,"['test', 'train', 'val']",0.8,"['a photo of {}', '{} in the picture', '{} in the foreground/background', 'an image showing {}']",True,matrices,False,1,512,Mean,True,32,5,False,True,0.7,0.3,AdamW,0.9,256,1e-05,1e-06,3,80,2,0.0001,2,false_true_1_3_true_0.7_false_adamw_0.3_1e-05_256_1e-06_2_0.0001_2,True,"[2.363682746887207, 2.51455020904541]","[3.0969794446771797, 2.8889602314342153, 2.762399976903742, 2.672036496075717, 2.645686236294833]",0.2581,46,,True
47,dataset/refcocog,cuda,output,models/mynet.pth,False,"['test', 'train', 'val']",0.8,"['a photo of {}', '{} in the picture', '{} in the foreground/background', 'an image showing {}']",True,matrices,False,1,512,Mean,True,32,5,False,True,0.7,0.3,AdamW,0.9,256,1e-05,1e-06,3,80,2,0.0001,4,false_true_1_3_true_0.7_false_adamw_0.3_1e-05_256_1e-06_2_0.0001_4,True,"[3.0518836975097656, 3.2948145866394043]","[4.001691233028065, 3.653526631268588, 3.50784613869407, 3.414880535819314, 3.3574072014201772]",0.2575,47,,True
48,dataset/refcocog,cuda,output,models/mynet.pth,False,"['test', 'train', 'val']",0.8,"['a photo of {}', '{} in the picture', '{} in the foreground/background', 'an image showing {}']",True,matrices,False,1,512,Mean,True,32,5,False,True,0.7,0.3,AdamW,0.9,256,1e-05,1e-06,3,80,4,0.0,0,false_true_1_3_true_0.7_false_adamw_0.3_1e-05_256_1e-06_4_0_0,True,"[3.1009771823883057, 3.237320899963379]","[3.9553015448830346, 3.5935960466211494, 3.447611765428023, 3.372482408176769, 3.33640456199646]",0.2361,48,,True
49,dataset/refcocog,cuda,output,models/mynet.pth,False,"['test', 'train', 'val']",0.8,"['a photo of {}', '{} in the picture', '{} in the foreground/background', 'an image showing {}']",True,matrices,False,1,512,Mean,True,32,5,False,True,0.7,0.3,AdamW,0.9,256,1e-05,1e-06,3,80,4,0.0,1,false_true_1_3_true_0.7_false_adamw_0.3_1e-05_256_1e-06_4_0_1,True,"[3.513861894607544, 3.6037490367889404]","[4.803059924732555, 4.329532818360762, 4.037425604733554, 3.9157715277238325, 3.857913689179854]",0.2525,49,,True
50,dataset/refcocog,cuda,output,models/mynet.pth,False,"['test', 'train', 'val']",0.8,"['a photo of {}', '{} in the picture', '{} in the foreground/background', 'an image showing {}']",True,matrices,False,1,512,Mean,True,32,5,False,True,0.7,0.3,AdamW,0.9,256,1e-05,1e-06,3,80,4,0.0,2,false_true_1_3_true_0.7_false_adamw_0.3_1e-05_256_1e-06_4_0_2,True,"[3.809475898742676, 4.045202732086182]","[4.7399560754949395, 4.364766944538463, 4.211591417139227, 4.167394529689442, 4.097750880501487]",0.2427,50,,True
51,dataset/refcocog,cuda,output,models/mynet.pth,False,"['test', 'train', 'val']",0.8,"['a photo of {}', '{} in the picture', '{} in the foreground/background', 'an image showing {}']",True,matrices,False,1,512,Mean,True,32,5,False,True,0.7,0.3,AdamW,0.9,256,1e-05,1e-06,3,80,4,0.0,4,false_true_1_3_true_0.7_false_adamw_0.3_1e-05_256_1e-06_4_0_4,True,"[4.693276405334473, 4.913358688354492]","[6.240352717312899, 5.476180466738614, 5.206249107014049, 5.075726162303578, 4.989171374927867]",0.2438,51,,True
52,dataset/refcocog,cuda,output,models/mynet.pth,False,"['test', 'train', 'val']",0.8,"['a photo of {}', '{} in the picture', '{} in the foreground/background', 'an image showing {}']",True,matrices,False,1,512,Mean,True,32,5,False,True,0.7,0.3,AdamW,0.9,256,1e-05,1e-06,3,80,4,0.001,0,false_true_1_3_true_0.7_false_adamw_0.3_1e-05_256_1e-06_4_0.001_0,True,"[3.5403575897216797, 3.6047353744506836]","[4.45079330964522, 4.030586199326948, 3.8900613568045874, 3.7697641849517822, 3.7514620260758833]",0.2329,52,,True
53,dataset/refcocog,cuda,output,models/mynet.pth,False,"['test', 'train', 'val']",0.8,"['a photo of {}', '{} in the picture', '{} in the foreground/background', 'an image showing {}']",True,matrices,False,1,512,Mean,True,32,5,False,True,0.7,0.3,AdamW,0.9,256,1e-05,1e-06,3,80,4,0.001,1,false_true_1_3_true_0.7_false_adamw_0.3_1e-05_256_1e-06_4_0.001_1,True,"[3.916266441345215, 4.05178165435791]","[5.053645740855824, 4.524637699127197, 4.2795725735751065, 4.1850339716131035, 4.175834482366389]",0.2404,53,,True
54,dataset/refcocog,cuda,output,models/mynet.pth,False,"['test', 'train', 'val']",0.8,"['a photo of {}', '{} in the picture', '{} in the foreground/background', 'an image showing {}']",True,matrices,False,1,512,Mean,True,32,5,False,True,0.7,0.3,AdamW,0.9,256,1e-05,1e-06,3,80,4,0.001,2,false_true_1_3_true_0.7_false_adamw_0.3_1e-05_256_1e-06_4_0.001_2,True,"[4.319084167480469, 4.485592365264893]","[5.563644105737859, 4.896890726956454, 4.727407498793169, 4.6469361998818135, 4.606045202775435]",0.2463,54,,True
55,dataset/refcocog,cuda,output,models/mynet.pth,False,"['test', 'train', 'val']",0.8,"['a photo of {}', '{} in the picture', '{} in the foreground/background', 'an image showing {}']",True,matrices,False,1,512,Mean,True,32,5,False,True,0.7,0.3,AdamW,0.9,256,1e-05,1e-06,3,80,4,0.001,4,false_true_1_3_true_0.7_false_adamw_0.3_1e-05_256_1e-06_4_0.001_4,True,"[4.976163387298584, 5.30623722076416]","[6.602123693986372, 6.025764031843706, 5.722055868668989, 5.559008858420632, 5.467745564200661]",0.2523,55,,True
56,dataset/refcocog,cuda,output,models/mynet.pth,False,"['test', 'train', 'val']",0.8,"['a photo of {}', '{} in the picture', '{} in the foreground/background', 'an image showing {}']",True,matrices,False,1,512,Mean,True,32,5,False,True,0.7,0.3,AdamW,0.9,256,1e-05,1e-06,3,80,4,0.005,0,false_true_1_3_true_0.7_false_adamw_0.3_1e-05_256_1e-06_4_0.005_0,True,"[5.2717390060424805, 5.361486434936523]","[6.415110934864391, 5.739337704398415, 5.5612524205988105, 5.509983496232466, 5.504457950592041]",0.2304,56,,True
57,dataset/refcocog,cuda,output,models/mynet.pth,False,"['test', 'train', 'val']",0.8,"['a photo of {}', '{} in the picture', '{} in the foreground/background', 'an image showing {}']",True,matrices,False,1,512,Mean,True,32,5,False,True,0.7,0.3,AdamW,0.9,256,1e-05,1e-06,3,80,4,0.005,1,false_true_1_3_true_0.7_false_adamw_0.3_1e-05_256_1e-06_4_0.005_1,True,"[5.481685161590576, 5.7150750160217285]","[6.923664309761741, 6.297435196963224, 6.0630596334284, 5.914737614718351, 5.888796589591286]",0.2399,57,,True
58,dataset/refcocog,cuda,output,models/mynet.pth,False,"['test', 'train', 'val']",0.8,"['a photo of {}', '{} in the picture', '{} in the foreground/background', 'an image showing {}']",True,matrices,False,1,512,Mean,True,32,5,False,True,0.7,0.3,AdamW,0.9,256,1e-05,1e-06,3,80,4,0.005,2,false_true_1_3_true_0.7_false_adamw_0.3_1e-05_256_1e-06_4_0.005_2,True,"[5.866631984710693, 6.163791656494141]","[7.660824949091131, 6.785447814247825, 6.448375788601962, 6.381989175623113, 6.3136912259188565]",0.2413,58,,True
59,dataset/refcocog,cuda,output,models/mynet.pth,False,"['test', 'train', 'val']",0.8,"['a photo of {}', '{} in the picture', '{} in the foreground/background', 'an image showing {}']",True,matrices,False,1,512,Mean,True,32,5,False,True,0.7,0.3,AdamW,0.9,256,1e-05,1e-06,3,80,4,0.005,4,false_true_1_3_true_0.7_false_adamw_0.3_1e-05_256_1e-06_4_0.005_4,True,"[6.607406139373779, 7.117648124694824]","[9.631865848194469, 8.04271598295732, 7.568680156360973, 7.376802791248668, 7.210505052046343]",0.2462,59,,True
60,dataset/refcocog,cuda,output,models/mynet.pth,False,"['test', 'train', 'val']",0.8,"['a photo of {}', '{} in the picture', '{} in the foreground/background', 'an image showing {}']",True,matrices,False,1,512,Mean,True,32,5,False,True,0.7,0.3,AdamW,0.9,256,1e-05,1e-06,3,80,4,0.0001,0,false_true_1_3_true_0.7_false_adamw_0.3_1e-05_256_1e-06_4_0.0001_0,True,"[3.2303476333618164, 3.3373465538024902]","[4.4677793762900615, 3.994263930754228, 3.728504852815108, 3.584862080487338, 3.4803780859166924]",0.2407,60,,True
61,dataset/refcocog,cuda,output,models/mynet.pth,False,"['test', 'train', 'val']",0.8,"['a photo of {}', '{} in the picture', '{} in the foreground/background', 'an image showing {}']",True,matrices,False,1,512,Mean,True,32,5,False,True,0.7,0.3,AdamW,0.9,256,1e-05,1e-06,3,80,4,0.0001,1,false_true_1_3_true_0.7_false_adamw_0.3_1e-05_256_1e-06_4_0.0001_1,True,"[3.5699520111083984, 3.7261154651641846]","[4.865525679154829, 4.420072295448997, 4.125997868451205, 4.0188891887664795, 3.940910426053134]",0.2541,61,,True
62,dataset/refcocog,cuda,output,models/mynet.pth,False,"['test', 'train', 'val']",0.8,"['a photo of {}', '{} in the picture', '{} in the foreground/background', 'an image showing {}']",True,matrices,False,1,512,Mean,True,32,5,False,True,0.7,0.3,AdamW,0.9,256,1e-05,1e-06,3,80,4,0.0001,2,false_true_1_3_true_0.7_false_adamw_0.3_1e-05_256_1e-06_4_0.0001_2,True,"[3.952188491821289, 4.1803412437438965]","[5.572411580519243, 4.935163671320135, 4.691166964444247, 4.48934927853671, 4.428551717237993]",0.2552,62,,True
63,dataset/refcocog,cuda,output,models/mynet.pth,False,"['test', 'train', 'val']",0.8,"['a photo of {}', '{} in the picture', '{} in the foreground/background', 'an image showing {}']",True,matrices,False,1,512,Mean,True,32,5,False,True,0.7,0.3,AdamW,0.9,256,1e-05,1e-06,3,80,4,0.0001,4,false_true_1_3_true_0.7_false_adamw_0.3_1e-05_256_1e-06_4_0.0001_4,True,"[4.647928714752197, 5.004983901977539]","[6.025179256092418, 5.401328997178511, 5.1796066544272685, 5.118884780190208, 5.03767746145075]",0.2492,63,,True
65,dataset/refcocog,cuda,output,models/mynet.pth,False,"['test', 'train', 'val']",0.8,"['a photo of {}', '{} in the picture', '{} in the foreground/background', 'an image showing {}']",True,matrices,False,1,512,Mean,True,32,5,False,True,0.7,0.3,AdamW,0.9,512,1e-05,1e-06,3,80,0,0.0,1,false_true_1_3_true_0.7_false_adamw_0.3_1e-05_512_1e-06_0_0_1,True,"[0.35018593072891235, 0.40363413095474243]","[0.4480705234137448, 0.4093443372032859, 0.40201842513951386, 0.3940729661421342, 0.39013345675034955]",0.1797,65,,True
66,dataset/refcocog,cuda,output,models/mynet.pth,False,"['test', 'train', 'val']",0.8,"['a photo of {}', '{} in the picture', '{} in the foreground/background', 'an image showing {}']",True,matrices,False,1,512,Mean,True,32,5,False,True,0.7,0.3,AdamW,0.9,512,1e-05,1e-06,3,80,0,0.0,2,false_true_1_3_true_0.7_false_adamw_0.3_1e-05_512_1e-06_0_0_2,True,"[0.7308613657951355, 0.8032079339027405]","[0.9406838308681141, 0.8482176282189109, 0.8362523100592874, 0.811104806986722, 0.8022152618928389]",0.2375,66,,True
67,dataset/refcocog,cuda,output,models/mynet.pth,False,"['test', 'train', 'val']",0.8,"['a photo of {}', '{} in the picture', '{} in the foreground/background', 'an image showing {}']",True,matrices,False,1,512,Mean,True,32,5,False,True,0.7,0.3,AdamW,0.9,512,1e-05,1e-06,3,80,0,0.0,4,false_true_1_3_true_0.7_false_adamw_0.3_1e-05_512_1e-06_0_0_4,True,"[1.4416871070861816, 1.666779637336731]","[1.7825412425127896, 1.6661850972609087, 1.6266232187097722, 1.5912547653371638, 1.57356520132585]",0.151,67,,True
68,dataset/refcocog,cuda,output,models/mynet.pth,False,"['test', 'train', 'val']",0.8,"['a photo of {}', '{} in the picture', '{} in the foreground/background', 'an image showing {}']",True,matrices,False,1,512,Mean,True,32,5,False,True,0.7,0.3,AdamW,0.9,512,1e-05,1e-06,3,80,0,0.001,0,false_true_1_3_true_0.7_false_adamw_0.3_1e-05_512_1e-06_0_0.001_0,True,"[0.38437891006469727, 0.4263130724430084]","[0.5524163354526866, 0.4469278969547965, 0.43402791023254395, 0.4183762344447049, 0.42560990019278094]",0.2082,68,,True
69,dataset/refcocog,cuda,output,models/mynet.pth,False,"['test', 'train', 'val']",0.8,"['a photo of {}', '{} in the picture', '{} in the foreground/background', 'an image showing {}']",True,matrices,False,1,512,Mean,True,32,5,False,True,0.7,0.3,AdamW,0.9,512,1e-05,1e-06,3,80,0,0.001,1,false_true_1_3_true_0.7_false_adamw_0.3_1e-05_512_1e-06_0_0.001_1,True,"[0.7318701148033142, 0.81862473487854]","[1.0486505248329856, 0.9219469915736805, 0.8735202279957858, 0.8453537659211592, 0.8368854360146956]",0.227,69,,True
70,dataset/refcocog,cuda,output,models/mynet.pth,False,"['test', 'train', 'val']",0.8,"['a photo of {}', '{} in the picture', '{} in the foreground/background', 'an image showing {}']",True,matrices,False,1,512,Mean,True,32,5,False,True,0.7,0.3,AdamW,0.9,512,1e-05,1e-06,3,80,0,0.001,2,false_true_1_3_true_0.7_false_adamw_0.3_1e-05_512_1e-06_0_0.001_2,True,"[1.1075694561004639, 1.2523512840270996]","[1.535502715544267, 1.343509153886275, 1.2751960862766614, 1.2420925552194768, 1.224625446579673]",0.2298,70,,True
71,dataset/refcocog,cuda,output,models/mynet.pth,False,"['test', 'train', 'val']",0.8,"['a photo of {}', '{} in the picture', '{} in the foreground/background', 'an image showing {}']",True,matrices,False,1,512,Mean,True,32,5,False,True,0.7,0.3,AdamW,0.9,512,1e-05,1e-06,3,80,0,0.001,4,false_true_1_3_true_0.7_false_adamw_0.3_1e-05_512_1e-06_0_0.001_4,True,"[1.8419055938720703, 2.0848450660705566]","[2.3372102867473257, 2.14650821685791, 2.0503934079950508, 2.0223349007693203, 2.012906475500627]",0.2251,71,,True
72,dataset/refcocog,cuda,output,models/mynet.pth,False,"['test', 'train', 'val']",0.8,"['a photo of {}', '{} in the picture', '{} in the foreground/background', 'an image showing {}']",True,matrices,False,1,512,Mean,True,32,5,False,True,0.7,0.3,AdamW,0.9,512,1e-05,1e-06,3,80,0,0.005,0,false_true_1_3_true_0.7_false_adamw_0.3_1e-05_512_1e-06_0_0.005_0,True,"[1.8888293504714966, 2.032766580581665]","[2.7214064598083496, 2.241198875687339, 2.1386682336980645, 2.1107023737647315, 2.1162934086539527]",0.2147,72,,True
73,dataset/refcocog,cuda,output,models/mynet.pth,False,"['test', 'train', 'val']",0.8,"['a photo of {}', '{} in the picture', '{} in the foreground/background', 'an image showing {}']",True,matrices,False,1,512,Mean,True,32,5,False,True,0.7,0.3,AdamW,0.9,512,1e-05,1e-06,3,80,0,0.005,1,false_true_1_3_true_0.7_false_adamw_0.3_1e-05_512_1e-06_0_0.005_1,True,"[2.157209873199463, 2.387587070465088]","[3.261560331691395, 2.8069625984538686, 2.5964544036171655, 2.555617787621238, 2.5427516373721035]",0.2079,73,,True
74,dataset/refcocog,cuda,output,models/mynet.pth,False,"['test', 'train', 'val']",0.8,"['a photo of {}', '{} in the picture', '{} in the foreground/background', 'an image showing {}']",True,matrices,False,1,512,Mean,True,32,5,False,True,0.7,0.3,AdamW,0.9,512,1e-05,1e-06,3,80,0,0.005,2,false_true_1_3_true_0.7_false_adamw_0.3_1e-05_512_1e-06_0_0.005_2,True,"[2.5257794857025146, 2.7838473320007324]","[3.535011204806241, 3.1256333047693428, 2.9982330799102783, 2.9122915918176826, 2.878817688335072]",0.2157,74,,True
75,dataset/refcocog,cuda,output,models/mynet.pth,False,"['test', 'train', 'val']",0.8,"['a photo of {}', '{} in the picture', '{} in the foreground/background', 'an image showing {}']",True,matrices,False,1,512,Mean,True,32,5,False,True,0.7,0.3,AdamW,0.9,512,1e-05,1e-06,3,80,0,0.005,4,false_true_1_3_true_0.7_false_adamw_0.3_1e-05_512_1e-06_0_0.005_4,True,"[3.2451186180114746, 3.5995047092437744]","[4.476243105801669, 3.9577773050828413, 3.79634690284729, 3.7185334075580943, 3.7185550169511274]",0.2147,75,,True
76,dataset/refcocog,cuda,output,models/mynet.pth,False,"['test', 'train', 'val']",0.8,"['a photo of {}', '{} in the picture', '{} in the foreground/background', 'an image showing {}']",True,matrices,False,1,512,Mean,True,32,5,False,True,0.7,0.3,AdamW,0.9,512,1e-05,1e-06,3,80,0,0.0001,0,false_true_1_3_true_0.7_false_adamw_0.3_1e-05_512_1e-06_0_0.0001_0,True,"[0.0375317707657814, 0.040764447301626205]","[0.05237596414305947, 0.04386466301300309, 0.0425787747583606, 0.04236459799788215, 0.04284060373902321]",0.2099,76,,True
77,dataset/refcocog,cuda,output,models/mynet.pth,False,"['test', 'train', 'val']",0.8,"['a photo of {}', '{} in the picture', '{} in the foreground/background', 'an image showing {}']",True,matrices,False,1,512,Mean,True,32,5,False,True,0.7,0.3,AdamW,0.9,512,1e-05,1e-06,3,80,0,0.0001,1,false_true_1_3_true_0.7_false_adamw_0.3_1e-05_512_1e-06_0_0.0001_1,True,"[0.3947513997554779, 0.4456532895565033]","[0.5138869664885781, 0.4615637280724265, 0.4516672762957486, 0.44749992273070593, 0.44075983491810883]",0.2251,77,,True
78,dataset/refcocog,cuda,output,models/mynet.pth,False,"['test', 'train', 'val']",0.8,"['a photo of {}', '{} in the picture', '{} in the foreground/background', 'an image showing {}']",True,matrices,False,1,512,Mean,True,32,5,False,True,0.7,0.3,AdamW,0.9,512,1e-05,1e-06,3,80,0,0.0001,2,false_true_1_3_true_0.7_false_adamw_0.3_1e-05_512_1e-06_0_0.0001_2,True,"[0.741631269454956, 0.8772121667861938]","[0.946487470106645, 0.8695167086341165, 0.8454945846037432, 0.8279717022722418, 0.8209662599997087]",0.2161,78,,True
79,dataset/refcocog,cuda,output,models/mynet.pth,False,"['test', 'train', 'val']",0.8,"['a photo of {}', '{} in the picture', '{} in the foreground/background', 'an image showing {}']",True,matrices,False,1,512,Mean,True,32,5,False,True,0.7,0.3,AdamW,0.9,512,1e-05,1e-06,3,80,0,0.0001,4,false_true_1_3_true_0.7_false_adamw_0.3_1e-05_512_1e-06_0_0.0001_4,True,"[1.4662050008773804, 1.7119925022125244]","[1.8246425606987693, 1.7134843197735874, 1.670199004086581, 1.641359567642212, 1.6280862851576372]",0.2229,79,,True
80,dataset/refcocog,cuda,output,models/mynet.pth,False,"['test', 'train', 'val']",0.8,"['a photo of {}', '{} in the picture', '{} in the foreground/background', 'an image showing {}']",True,matrices,False,1,512,Mean,True,32,5,False,True,0.7,0.3,AdamW,0.9,512,1e-05,1e-06,3,80,1,0.0,0,false_true_1_3_true_0.7_false_adamw_0.3_1e-05_512_1e-06_1_0_0,True,"[0.782243013381958, 0.8048679232597351]","[1.000184871933677, 0.896682387048548, 0.8630572611635382, 0.8372858979485251, 0.8213633407245983]",0.2329,80,,True
81,dataset/refcocog,cuda,output,models/mynet.pth,False,"['test', 'train', 'val']",0.8,"['a photo of {}', '{} in the picture', '{} in the foreground/background', 'an image showing {}']",True,matrices,False,1,512,Mean,True,32,5,False,True,0.7,0.3,AdamW,0.9,512,1e-05,1e-06,3,80,1,0.0,1,false_true_1_3_true_0.7_false_adamw_0.3_1e-05_512_1e-06_1_0_1,True,"[1.1579523086547852, 1.2114942073822021]","[1.527234066616405, 1.3743792663921008, 1.3185398145155474, 1.2839983376589688, 1.2647175247018987]",0.258,81,,True
82,dataset/refcocog,cuda,output,models/mynet.pth,False,"['test', 'train', 'val']",0.8,"['a photo of {}', '{} in the picture', '{} in the foreground/background', 'an image showing {}']",True,matrices,False,1,512,Mean,True,32,5,False,True,0.7,0.3,AdamW,0.9,512,1e-05,1e-06,3,80,1,0.0,2,false_true_1_3_true_0.7_false_adamw_0.3_1e-05_512_1e-06_1_0_2,True,"[1.5051273107528687, 1.6256372928619385]","[2.1233246434818613, 1.8468842181292446, 1.7198310982097278, 1.6669247258793225, 1.6513892954046077]",0.2567,82,,True
83,dataset/refcocog,cuda,output,models/mynet.pth,False,"['test', 'train', 'val']",0.8,"['a photo of {}', '{} in the picture', '{} in the foreground/background', 'an image showing {}']",True,matrices,False,1,512,Mean,True,32,5,False,True,0.7,0.3,AdamW,0.9,512,1e-05,1e-06,3,80,1,0.0,4,false_true_1_3_true_0.7_false_adamw_0.3_1e-05_512_1e-06_1_0_4,True,"[2.231924533843994, 2.4945826530456543]","[2.910324356772683, 2.6717191392725166, 2.548810850490223, 2.506597475572066, 2.475251306187023]",0.2621,83,,True
84,dataset/refcocog,cuda,output,models/mynet.pth,False,"['test', 'train', 'val']",0.8,"['a photo of {}', '{} in the picture', '{} in the foreground/background', 'an image showing {}']",True,matrices,False,1,512,Mean,True,32,5,False,True,0.7,0.3,AdamW,0.9,512,1e-05,1e-06,3,80,1,0.001,0,false_true_1_3_true_0.7_false_adamw_0.3_1e-05_512_1e-06_1_0.001_0,True,"[1.2006959915161133, 1.2352923154830933]","[1.5645860433578491, 1.3777193914760242, 1.2926658391952515, 1.2753013372421265, 1.273546413941817]",0.2269,84,,True
85,dataset/refcocog,cuda,output,models/mynet.pth,False,"['test', 'train', 'val']",0.8,"['a photo of {}', '{} in the picture', '{} in the foreground/background', 'an image showing {}']",True,matrices,False,1,512,Mean,True,32,5,False,True,0.7,0.3,AdamW,0.9,512,1e-05,1e-06,3,80,1,0.001,1,false_true_1_3_true_0.7_false_adamw_0.3_1e-05_512_1e-06_1_0.001_1,True,"[1.5456290245056152, 1.632002830505371]","[2.1495369130914863, 1.8250127922404895, 1.7263103398409756, 1.7010540962219238, 1.6844736446033826]",0.2458,85,,True
86,dataset/refcocog,cuda,output,models/mynet.pth,False,"['test', 'train', 'val']",0.8,"['a photo of {}', '{} in the picture', '{} in the foreground/background', 'an image showing {}']",True,matrices,False,1,512,Mean,True,32,5,False,True,0.7,0.3,AdamW,0.9,512,1e-05,1e-06,3,80,1,0.001,2,false_true_1_3_true_0.7_false_adamw_0.3_1e-05_512_1e-06_1_0.001_2,True,"[1.898958683013916, 2.078766107559204]","[2.5195099223743784, 2.2419344078410757, 2.1506597995758057, 2.1101240678267046, 2.0803546363657173]",0.2405,86,,True
87,dataset/refcocog,cuda,output,models/mynet.pth,False,"['test', 'train', 'val']",0.8,"['a photo of {}', '{} in the picture', '{} in the foreground/background', 'an image showing {}']",True,matrices,False,1,512,Mean,True,32,5,False,True,0.7,0.3,AdamW,0.9,512,1e-05,1e-06,3,80,1,0.001,4,false_true_1_3_true_0.7_false_adamw_0.3_1e-05_512_1e-06_1_0.001_4,True,"[2.59763240814209, 2.8492631912231445]","[3.4304644628004595, 3.0513126850128174, 2.9349335106936367, 2.8896892937746914, 2.845717516812411]",0.2467,87,,True
88,dataset/refcocog,cuda,output,models/mynet.pth,False,"['test', 'train', 'val']",0.8,"['a photo of {}', '{} in the picture', '{} in the foreground/background', 'an image showing {}']",True,matrices,False,1,512,Mean,True,32,5,False,True,0.7,0.3,AdamW,0.9,512,1e-05,1e-06,3,80,1,0.005,0,false_true_1_3_true_0.7_false_adamw_0.3_1e-05_512_1e-06_1_0.005_0,True,"[2.826291799545288, 3.015373468399048]","[3.795596252788197, 3.222867575558749, 3.0395911823619497, 2.9838641340082344, 2.991126624020663]",0.2239,88,,True
89,dataset/refcocog,cuda,output,models/mynet.pth,False,"['test', 'train', 'val']",0.8,"['a photo of {}', '{} in the picture', '{} in the foreground/background', 'an image showing {}']",True,matrices,False,1,512,Mean,True,32,5,False,True,0.7,0.3,AdamW,0.9,512,1e-05,1e-06,3,80,1,0.005,1,false_true_1_3_true_0.7_false_adamw_0.3_1e-05_512_1e-06_1_0.005_1,True,"[3.1276445388793945, 3.357241153717041]","[4.146870201284235, 3.611613078550859, 3.4534999674016778, 3.3840979879552666, 3.379245021126487]",0.2281,89,,True
90,dataset/refcocog,cuda,output,models/mynet.pth,False,"['test', 'train', 'val']",0.8,"['a photo of {}', '{} in the picture', '{} in the foreground/background', 'an image showing {}']",True,matrices,False,1,512,Mean,True,32,5,False,True,0.7,0.3,AdamW,0.9,512,1e-05,1e-06,3,80,1,0.005,2,false_true_1_3_true_0.7_false_adamw_0.3_1e-05_512_1e-06_1_0.005_2,True,"[3.4682540893554688, 3.6805310249328613]","[4.539680784398859, 3.9562368392944336, 3.8210327191786333, 3.828801826997237, 3.786378340287642]",0.2443,90,,True
91,dataset/refcocog,cuda,output,models/mynet.pth,False,"['test', 'train', 'val']",0.8,"['a photo of {}', '{} in the picture', '{} in the foreground/background', 'an image showing {}']",True,matrices,False,1,512,Mean,True,32,5,False,True,0.7,0.3,AdamW,0.9,512,1e-05,1e-06,3,80,1,0.005,4,false_true_1_3_true_0.7_false_adamw_0.3_1e-05_512_1e-06_1_0.005_4,True,"[4.1275763511657715, 4.556825637817383]","[5.554492300206965, 4.894069281491366, 4.6507908647710625, 4.6139749613675205, 4.597142566334117]",0.2253,91,,True
92,dataset/refcocog,cuda,output,models/mynet.pth,False,"['test', 'train', 'val']",0.8,"['a photo of {}', '{} in the picture', '{} in the foreground/background', 'an image showing {}']",True,matrices,False,1,512,Mean,True,32,5,False,True,0.7,0.3,AdamW,0.9,512,1e-05,1e-06,3,80,1,0.0001,0,false_true_1_3_true_0.7_false_adamw_0.3_1e-05_512_1e-06_1_0.0001_0,True,"[0.8255422711372375, 0.8530818819999695]","[1.1040424325249412, 0.982839432629672, 0.9348123073577881, 0.9079590493982489, 0.8900889158248901]",0.2397,92,,True
93,dataset/refcocog,cuda,output,models/mynet.pth,False,"['test', 'train', 'val']",0.8,"['a photo of {}', '{} in the picture', '{} in the foreground/background', 'an image showing {}']",True,matrices,False,1,512,Mean,True,32,5,False,True,0.7,0.3,AdamW,0.9,512,1e-05,1e-06,3,80,1,0.0001,1,false_true_1_3_true_0.7_false_adamw_0.3_1e-05_512_1e-06_1_0.0001_1,True,"[1.187610387802124, 1.2668123245239258]","[1.543422904881564, 1.388912482695146, 1.3298073031685569, 1.2954366315494885, 1.2893249013207175]",0.2413,93,,True
94,dataset/refcocog,cuda,output,models/mynet.pth,False,"['test', 'train', 'val']",0.8,"['a photo of {}', '{} in the picture', '{} in the foreground/background', 'an image showing {}']",True,matrices,False,1,512,Mean,True,32,5,False,True,0.7,0.3,AdamW,0.9,512,1e-05,1e-06,3,80,1,0.0001,2,false_true_1_3_true_0.7_false_adamw_0.3_1e-05_512_1e-06_1_0.0001_2,True,"[1.5436975955963135, 1.6629637479782104]","[2.043493801897222, 1.8419522805647417, 1.7815790501507847, 1.7298723242499612, 1.7052989547902888]",0.2583,94,,True
95,dataset/refcocog,cuda,output,models/mynet.pth,False,"['test', 'train', 'val']",0.8,"['a photo of {}', '{} in the picture', '{} in the foreground/background', 'an image showing {}']",True,matrices,False,1,512,Mean,True,32,5,False,True,0.7,0.3,AdamW,0.9,512,1e-05,1e-06,3,80,1,0.0001,4,false_true_1_3_true_0.7_false_adamw_0.3_1e-05_512_1e-06_1_0.0001_4,True,"[2.2760977745056152, 2.539984703063965]","[2.855402014472268, 2.6701976602727715, 2.5738871747797187, 2.523731318387118, 2.4949388937516646]",0.2548,95,,True
96,dataset/refcocog,cuda,output,models/mynet.pth,False,"['test', 'train', 'val']",0.8,"['a photo of {}', '{} in the picture', '{} in the foreground/background', 'an image showing {}']",True,matrices,False,1,512,Mean,True,32,5,False,True,0.7,0.3,AdamW,0.9,512,1e-05,1e-06,3,80,2,0.0,0,false_true_1_3_true_0.7_false_adamw_0.3_1e-05_512_1e-06_2_0_0,True,"[1.5809743404388428, 1.6091504096984863]","[1.9843862056732178, 1.7633073980158025, 1.7052139368924228, 1.673286568034779, 1.6257229393178767]",0.2296,96,,True
97,dataset/refcocog,cuda,output,models/mynet.pth,False,"['test', 'train', 'val']",0.8,"['a photo of {}', '{} in the picture', '{} in the foreground/background', 'an image showing {}']",True,matrices,False,1,512,Mean,True,32,5,False,True,0.7,0.3,AdamW,0.9,512,1e-05,1e-06,3,80,2,0.0,1,false_true_1_3_true_0.7_false_adamw_0.3_1e-05_512_1e-06_2_0_1,True,"[1.9354708194732666, 2.0344417095184326]","[2.6224762309681284, 2.3583587299693716, 2.254873275756836, 2.1700350588018242, 2.1687045855955644]",0.2562,97,,True
98,dataset/refcocog,cuda,output,models/mynet.pth,False,"['test', 'train', 'val']",0.8,"['a photo of {}', '{} in the picture', '{} in the foreground/background', 'an image showing {}']",True,matrices,False,1,512,Mean,True,32,5,False,True,0.7,0.3,AdamW,0.9,512,1e-05,1e-06,3,80,2,0.0,2,false_true_1_3_true_0.7_false_adamw_0.3_1e-05_512_1e-06_2_0_2,True,"[2.3719377517700195, 2.450570583343506]","[3.2999477819962935, 3.017693129452792, 2.856661623174494, 2.7700962370092217, 2.7231022227894175]",0.2676,98,,True
99,dataset/refcocog,cuda,output,models/mynet.pth,False,"['test', 'train', 'val']",0.8,"['a photo of {}', '{} in the picture', '{} in the foreground/background', 'an image showing {}']",True,matrices,False,1,512,Mean,True,32,5,False,True,0.7,0.3,AdamW,0.9,512,1e-05,1e-06,3,80,2,0.0,4,false_true_1_3_true_0.7_false_adamw_0.3_1e-05_512_1e-06_2_0_4,True,"[2.9676952362060547, 3.2885830402374268]","[3.7995230934836646, 3.556147662076083, 3.4223810759457676, 3.3344790718772193, 3.290910243988037]",0.2542,99,,True
100,dataset/refcocog,cuda,output,models/mynet.pth,False,"['test', 'train', 'val']",0.8,"['a photo of {}', '{} in the picture', '{} in the foreground/background', 'an image showing {}']",True,matrices,False,1,512,Mean,True,32,5,False,True,0.7,0.3,AdamW,0.9,512,1e-05,1e-06,3,80,2,0.001,0,false_true_1_3_true_0.7_false_adamw_0.3_1e-05_512_1e-06_2_0.001_0,True,"[1.9903438091278076, 2.045729875564575]","[2.608448115262118, 2.284831025383689, 2.1881594224409624, 2.1266238039190117, 2.0921202898025513]",0.2351,100,,True
101,dataset/refcocog,cuda,output,models/mynet.pth,False,"['test', 'train', 'val']",0.8,"['a photo of {}', '{} in the picture', '{} in the foreground/background', 'an image showing {}']",True,matrices,False,1,512,Mean,True,32,5,False,True,0.7,0.3,AdamW,0.9,512,1e-05,1e-06,3,80,2,0.001,1,false_true_1_3_true_0.7_false_adamw_0.3_1e-05_512_1e-06_2_0.001_1,True,"[2.3449220657348633, 2.4826884269714355]","[3.2248880863189697, 2.8320500200445, 2.668901963667436, 2.593419811942361, 2.576029647480358]",0.245,101,,True
102,dataset/refcocog,cuda,output,models/mynet.pth,False,"['test', 'train', 'val']",0.8,"['a photo of {}', '{} in the picture', '{} in the foreground/background', 'an image showing {}']",True,matrices,False,1,512,Mean,True,32,5,False,True,0.7,0.3,AdamW,0.9,512,1e-05,1e-06,3,80,2,0.001,2,false_true_1_3_true_0.7_false_adamw_0.3_1e-05_512_1e-06_2_0.001_2,True,"[2.679171085357666, 2.860653877258301]","[3.6622887307947334, 3.287435531616211, 3.115925008600408, 3.0283462784507056, 2.9746498411351983]",0.2476,102,,True
103,dataset/refcocog,cuda,output,models/mynet.pth,False,"['test', 'train', 'val']",0.8,"['a photo of {}', '{} in the picture', '{} in the foreground/background', 'an image showing {}']",True,matrices,False,1,512,Mean,True,32,5,False,True,0.7,0.3,AdamW,0.9,512,1e-05,1e-06,3,80,2,0.001,4,false_true_1_3_true_0.7_false_adamw_0.3_1e-05_512_1e-06_2_0.001_4,True,"[3.4096908569335938, 3.661154270172119]","[4.289150281385942, 3.935440518639304, 3.7904934883117676, 3.730929136276245, 3.696897116574374]",0.2459,103,,True
104,dataset/refcocog,cuda,output,models/mynet.pth,False,"['test', 'train', 'val']",0.8,"['a photo of {}', '{} in the picture', '{} in the foreground/background', 'an image showing {}']",True,matrices,False,1,512,Mean,True,32,5,False,True,0.7,0.3,AdamW,0.9,512,1e-05,1e-06,3,80,2,0.005,0,false_true_1_3_true_0.7_false_adamw_0.3_1e-05_512_1e-06_2_0.005_0,True,"[3.579450845718384, 3.7622628211975098]","[5.446306965567849, 4.407639416781339, 4.100187214938077, 3.9469906850294634, 3.9359457059340044]",0.2313,104,,True
105,dataset/refcocog,cuda,output,models/mynet.pth,False,"['test', 'train', 'val']",0.8,"['a photo of {}', '{} in the picture', '{} in the foreground/background', 'an image showing {}']",True,matrices,False,1,512,Mean,True,32,5,False,True,0.7,0.3,AdamW,0.9,512,1e-05,1e-06,3,80,2,0.005,1,false_true_1_3_true_0.7_false_adamw_0.3_1e-05_512_1e-06_2_0.005_1,True,"[3.8971667289733887, 4.088525772094727]","[5.197334246201948, 4.515354373238304, 4.359480446035212, 4.308207316832109, 4.261267748746005]",0.2416,105,,True
106,dataset/refcocog,cuda,output,models/mynet.pth,False,"['test', 'train', 'val']",0.8,"['a photo of {}', '{} in the picture', '{} in the foreground/background', 'an image showing {}']",True,matrices,False,1,512,Mean,True,32,5,False,True,0.7,0.3,AdamW,0.9,512,1e-05,1e-06,3,80,2,0.005,2,false_true_1_3_true_0.7_false_adamw_0.3_1e-05_512_1e-06_2_0.005_2,True,"[4.287652969360352, 4.539620399475098]","[5.808283805847168, 5.132627183740789, 4.834007046439431, 4.711643262342974, 4.679945945739746]",0.245,106,,True
107,dataset/refcocog,cuda,output,models/mynet.pth,False,"['test', 'train', 'val']",0.8,"['a photo of {}', '{} in the picture', '{} in the foreground/background', 'an image showing {}']",True,matrices,False,1,512,Mean,True,32,5,False,True,0.7,0.3,AdamW,0.9,512,1e-05,1e-06,3,80,2,0.005,4,false_true_1_3_true_0.7_false_adamw_0.3_1e-05_512_1e-06_2_0.005_4,True,"[5.020774841308594, 5.40885591506958]","[6.200061711398038, 5.670558235862038, 5.542126959020441, 5.4609715288335625, 5.417567556554621]",0.2433,107,,True
108,dataset/refcocog,cuda,output,models/mynet.pth,False,"['test', 'train', 'val']",0.8,"['a photo of {}', '{} in the picture', '{} in the foreground/background', 'an image showing {}']",True,matrices,False,1,512,Mean,True,32,5,False,True,0.7,0.3,AdamW,0.9,512,1e-05,1e-06,3,80,2,0.0001,0,false_true_1_3_true_0.7_false_adamw_0.3_1e-05_512_1e-06_2_0.0001_0,True,"[1.632125973701477, 1.6436755657196045]","[2.142682205546986, 1.8340560522946445, 1.7513618252494119, 1.7209178642793135, 1.6922281113537876]",0.2293,108,,True
109,dataset/refcocog,cuda,output,models/mynet.pth,False,"['test', 'train', 'val']",0.8,"['a photo of {}', '{} in the picture', '{} in the foreground/background', 'an image showing {}']",True,matrices,False,1,512,Mean,True,32,5,False,True,0.7,0.3,AdamW,0.9,512,1e-05,1e-06,3,80,2,0.0001,1,false_true_1_3_true_0.7_false_adamw_0.3_1e-05_512_1e-06_2_0.0001_1,True,"[1.9790046215057373, 2.0617711544036865]","[2.801341100172563, 2.4516315676949243, 2.2967499169436367, 2.220548217946833, 2.2069691744717685]",0.2542,109,,True
110,dataset/refcocog,cuda,output,models/mynet.pth,False,"['test', 'train', 'val']",0.8,"['a photo of {}', '{} in the picture', '{} in the foreground/background', 'an image showing {}']",True,matrices,False,1,512,Mean,True,32,5,False,True,0.7,0.3,AdamW,0.9,512,1e-05,1e-06,3,80,2,0.0001,2,false_true_1_3_true_0.7_false_adamw_0.3_1e-05_512_1e-06_2_0.0001_2,True,"[2.3959906101226807, 2.4565210342407227]","[3.2586496743288906, 2.896529696204446, 2.741296789862893, 2.673856410113248, 2.6184054721485484]",0.264,110,,True
111,dataset/refcocog,cuda,output,models/mynet.pth,False,"['test', 'train', 'val']",0.8,"['a photo of {}', '{} in the picture', '{} in the foreground/background', 'an image showing {}']",True,matrices,False,1,512,Mean,True,32,5,False,True,0.7,0.3,AdamW,0.9,512,1e-05,1e-06,3,80,2,0.0001,4,false_true_1_3_true_0.7_false_adamw_0.3_1e-05_512_1e-06_2_0.0001_4,True,"[3.063349723815918, 3.3158459663391113]","[3.8832422386516225, 3.593034722588279, 3.4997785741632637, 3.4095649502494116, 3.3617153601212935]",0.2566,111,,True
112,dataset/refcocog,cuda,output,models/mynet.pth,False,"['test', 'train', 'val']",0.8,"['a photo of {}', '{} in the picture', '{} in the foreground/background', 'an image showing {}']",True,matrices,False,1,512,Mean,True,32,5,False,True,0.7,0.3,AdamW,0.9,512,1e-05,1e-06,3,80,4,0.0,0,false_true_1_3_true_0.7_false_adamw_0.3_1e-05_512_1e-06_4_0_0,True,"[3.1347832679748535, 3.243184804916382]","[4.028442946347323, 3.6359223235737193, 3.4111257032914595, 3.3462683070789683, 3.303481188687411]",0.2321,112,,True
113,dataset/refcocog,cuda,output,models/mynet.pth,False,"['test', 'train', 'val']",0.8,"['a photo of {}', '{} in the picture', '{} in the foreground/background', 'an image showing {}']",True,matrices,False,1,512,Mean,True,32,5,False,True,0.7,0.3,AdamW,0.9,512,1e-05,1e-06,3,80,4,0.0,1,false_true_1_3_true_0.7_false_adamw_0.3_1e-05_512_1e-06_4_0_1,True,"[3.5819735527038574, 3.7067370414733887]","[4.769797303459861, 4.159137855876576, 4.016777992248535, 3.8875198581001977, 3.847391301935369]",0.2483,113,,True
114,dataset/refcocog,cuda,output,models/mynet.pth,False,"['test', 'train', 'val']",0.8,"['a photo of {}', '{} in the picture', '{} in the foreground/background', 'an image showing {}']",True,matrices,False,1,512,Mean,True,32,5,False,True,0.7,0.3,AdamW,0.9,512,1e-05,1e-06,3,80,4,0.0,2,false_true_1_3_true_0.7_false_adamw_0.3_1e-05_512_1e-06_4_0_2,True,"[3.872626304626465, 4.052365303039551]","[4.930859262293035, 4.394026929681951, 4.233981435949152, 4.13446814363653, 4.101712356914174]",0.2413,114,,True
115,dataset/refcocog,cuda,output,models/mynet.pth,False,"['test', 'train', 'val']",0.8,"['a photo of {}', '{} in the picture', '{} in the foreground/background', 'an image showing {}']",True,matrices,False,1,512,Mean,True,32,5,False,True,0.7,0.3,AdamW,0.9,512,1e-05,1e-06,3,80,4,0.0,4,false_true_1_3_true_0.7_false_adamw_0.3_1e-05_512_1e-06_4_0_4,True,"[4.554792404174805, 4.921890735626221]","[5.875441031022505, 5.4249771725047715, 5.200312961231578, 5.087796384638006, 5.006335561925715]",0.2517,115,,True
116,dataset/refcocog,cuda,output,models/mynet.pth,False,"['test', 'train', 'val']",0.8,"['a photo of {}', '{} in the picture', '{} in the foreground/background', 'an image showing {}']",True,matrices,False,1,512,Mean,True,32,5,False,True,0.7,0.3,AdamW,0.9,512,1e-05,1e-06,3,80,4,0.001,0,false_true_1_3_true_0.7_false_adamw_0.3_1e-05_512_1e-06_4_0.001_0,True,"[3.6047205924987793, 3.7210533618927]","[4.894050554795698, 4.232961351221258, 4.002161199396307, 3.8776272643696177, 3.8030227531086314]",0.239,116,,True
117,dataset/refcocog,cuda,output,models/mynet.pth,False,"['test', 'train', 'val']",0.8,"['a photo of {}', '{} in the picture', '{} in the foreground/background', 'an image showing {}']",True,matrices,False,1,512,Mean,True,32,5,False,True,0.7,0.3,AdamW,0.9,512,1e-05,1e-06,3,80,4,0.001,1,false_true_1_3_true_0.7_false_adamw_0.3_1e-05_512_1e-06_4_0.001_1,True,"[4.011971950531006, 4.144303321838379]","[5.879817745902321, 4.992453445087779, 4.6380065137689765, 4.461464231664484, 4.393560409545898]",0.25,117,,True
118,dataset/refcocog,cuda,output,models/mynet.pth,False,"['test', 'train', 'val']",0.8,"['a photo of {}', '{} in the picture', '{} in the foreground/background', 'an image showing {}']",True,matrices,False,1,512,Mean,True,32,5,False,True,0.7,0.3,AdamW,0.9,512,1e-05,1e-06,3,80,4,0.001,2,false_true_1_3_true_0.7_false_adamw_0.3_1e-05_512_1e-06_4_0.001_2,True,"[4.373459815979004, 4.568881511688232]","[6.136172468012029, 5.1619226282293145, 4.946920438246294, 4.780090808868408, 4.750720891085538]",0.2462,118,,True
119,dataset/refcocog,cuda,output,models/mynet.pth,False,"['test', 'train', 'val']",0.8,"['a photo of {}', '{} in the picture', '{} in the foreground/background', 'an image showing {}']",True,matrices,False,1,512,Mean,True,32,5,False,True,0.7,0.3,AdamW,0.9,512,1e-05,1e-06,3,80,4,0.001,4,false_true_1_3_true_0.7_false_adamw_0.3_1e-05_512_1e-06_4_0.001_4,True,"[4.990861892700195, 5.417115211486816]","[6.586873921481046, 5.850459272211248, 5.552579532970082, 5.405508301474831, 5.3927715908397325]",0.242,119,,True
120,dataset/refcocog,cuda,output,models/mynet.pth,False,"['test', 'train', 'val']",0.8,"['a photo of {}', '{} in the picture', '{} in the foreground/background', 'an image showing {}']",True,matrices,False,1,512,Mean,True,32,5,False,True,0.7,0.3,AdamW,0.9,512,1e-05,1e-06,3,80,4,0.005,0,false_true_1_3_true_0.7_false_adamw_0.3_1e-05_512_1e-06_4_0.005_0,True,"[5.136289596557617, 5.344900131225586]","[7.932757334275679, 6.523864876140248, 5.935191544619474, 5.696323654868386, 5.62065956809304]",0.2426,120,,True
121,dataset/refcocog,cuda,output,models/mynet.pth,False,"['test', 'train', 'val']",0.8,"['a photo of {}', '{} in the picture', '{} in the foreground/background', 'an image showing {}']",True,matrices,False,1,512,Mean,True,32,5,False,True,0.7,0.3,AdamW,0.9,512,1e-05,1e-06,3,80,4,0.005,1,false_true_1_3_true_0.7_false_adamw_0.3_1e-05_512_1e-06_4_0.005_1,True,"[5.541646957397461, 5.811007499694824]","[6.77337832884355, 6.069059285250577, 5.971829544414174, 5.905070564963601, 5.857472636482933]",0.2391,121,,True
122,dataset/refcocog,cuda,output,models/mynet.pth,False,"['test', 'train', 'val']",0.8,"['a photo of {}', '{} in the picture', '{} in the foreground/background', 'an image showing {}']",True,matrices,False,1,512,Mean,True,32,5,False,True,0.7,0.3,AdamW,0.9,512,1e-05,1e-06,3,80,4,0.005,2,false_true_1_3_true_0.7_false_adamw_0.3_1e-05_512_1e-06_4_0.005_2,True,"[5.899468421936035, 6.228553295135498]","[7.7147489027543505, 6.838210322640159, 6.6028383428400215, 6.474570231004194, 6.359375910325483]",0.2459,122,,True
123,dataset/refcocog,cuda,output,models/mynet.pth,False,"['test', 'train', 'val']",0.8,"['a photo of {}', '{} in the picture', '{} in the foreground/background', 'an image showing {}']",True,matrices,False,1,512,Mean,True,32,5,False,True,0.7,0.3,AdamW,0.9,512,1e-05,1e-06,3,80,4,0.005,4,false_true_1_3_true_0.7_false_adamw_0.3_1e-05_512_1e-06_4_0.005_4,True,"[6.584778785705566, 6.869912624359131]","[8.70168772610751, 7.921355247497559, 7.476340293884277, 7.365019408139315, 7.27797304500233]",0.2532,123,,True
124,dataset/refcocog,cuda,output,models/mynet.pth,False,"['test', 'train', 'val']",0.8,"['a photo of {}', '{} in the picture', '{} in the foreground/background', 'an image showing {}']",True,matrices,False,1,512,Mean,True,32,5,False,True,0.7,0.3,AdamW,0.9,512,1e-05,1e-06,3,80,4,0.0001,0,false_true_1_3_true_0.7_false_adamw_0.3_1e-05_512_1e-06_4_0.0001_0,True,"[3.2282352447509766, 3.2275309562683105]","[4.5914646061983975, 4.042597575621172, 3.7686123197728936, 3.6108325828205454, 3.5756312066858467]",0.255,124,,True
125,dataset/refcocog,cuda,output,models/mynet.pth,False,"['test', 'train', 'val']",0.8,"['a photo of {}', '{} in the picture', '{} in the foreground/background', 'an image showing {}']",True,matrices,False,1,512,Mean,True,32,5,False,True,0.7,0.3,AdamW,0.9,512,1e-05,1e-06,3,80,4,0.0001,1,false_true_1_3_true_0.7_false_adamw_0.3_1e-05_512_1e-06_4_0.0001_1,True,"[3.5550384521484375, 3.7218847274780273]","[4.159534345973622, 3.9025685136968438, 3.8106957348910244, 3.7511240352283823, 3.7132550369609487]",0.2333,125,,True
126,dataset/refcocog,cuda,output,models/mynet.pth,False,"['test', 'train', 'val']",0.8,"['a photo of {}', '{} in the picture', '{} in the foreground/background', 'an image showing {}']",True,matrices,False,1,512,Mean,True,32,5,False,True,0.7,0.3,AdamW,0.9,512,1e-05,1e-06,3,80,4,0.0001,2,false_true_1_3_true_0.7_false_adamw_0.3_1e-05_512_1e-06_4_0.0001_2,True,"[4.0282745361328125, 4.209843158721924]","[5.812068982557817, 4.963855483315208, 4.645293712615967, 4.522928367961537, 4.431058493527499]",0.2484,126,,True
127,dataset/refcocog,cuda,output,models/mynet.pth,False,"['test', 'train', 'val']",0.8,"['a photo of {}', '{} in the picture', '{} in the foreground/background', 'an image showing {}']",True,matrices,False,1,512,Mean,True,32,5,False,True,0.7,0.3,AdamW,0.9,512,1e-05,1e-06,3,80,4,0.0001,4,false_true_1_3_true_0.7_false_adamw_0.3_1e-05_512_1e-06_4_0.0001_4,True,"[4.654670715332031, 4.930863380432129]","[5.963340845975009, 5.414528283205899, 5.236044710332697, 5.116013960404829, 5.038325873288241]",0.2474,127,,True
129,dataset/refcocog,cuda,output,models/mynet.pth,False,"['test', 'train', 'val']",0.8,"['a photo of {}', '{} in the picture', '{} in the foreground/background', 'an image showing {}']",True,matrices,False,1,512,Mean,True,32,5,False,True,0.7,0.3,AdamW,0.9,1024,1e-05,1e-06,3,80,0,0.0,1,false_true_1_3_true_0.7_false_adamw_0.3_1e-05_1024_1e-06_0_0_1,True,"[0.3583661913871765, 0.41725093126296997]","[0.44918994199145923, 0.41200565749948675, 0.4051715135574341, 0.4018022282557054, 0.39647325602444733]",0.1948,129,,True
130,dataset/refcocog,cuda,output,models/mynet.pth,False,"['test', 'train', 'val']",0.8,"['a photo of {}', '{} in the picture', '{} in the foreground/background', 'an image showing {}']",True,matrices,False,1,512,Mean,True,32,5,False,True,0.7,0.3,AdamW,0.9,1024,1e-05,1e-06,3,80,0,0.0,2,false_true_1_3_true_0.7_false_adamw_0.3_1e-05_1024_1e-06_0_0_2,True,"[0.7171106338500977, 0.8418316841125488]","[0.908547964963046, 0.8358767140995372, 0.8126510164954446, 0.79509483684193, 0.7872866879809987]",0.2586,130,,True
131,dataset/refcocog,cuda,output,models/mynet.pth,False,"['test', 'train', 'val']",0.8,"['a photo of {}', '{} in the picture', '{} in the foreground/background', 'an image showing {}']",True,matrices,False,1,512,Mean,True,32,5,False,True,0.7,0.3,AdamW,0.9,1024,1e-05,1e-06,3,80,0,0.0,4,false_true_1_3_true_0.7_false_adamw_0.3_1e-05_1024_1e-06_0_0_4,True,"[1.482095718383789, 1.6245918273925781]","[1.7695840055292302, 1.651716871695085, 1.6179062995043667, 1.6071212941950017, 1.5915696946057407]",0.1805,131,,True
132,dataset/refcocog,cuda,output,models/mynet.pth,False,"['test', 'train', 'val']",0.8,"['a photo of {}', '{} in the picture', '{} in the foreground/background', 'an image showing {}']",True,matrices,False,1,512,Mean,True,32,5,False,True,0.7,0.3,AdamW,0.9,1024,1e-05,1e-06,3,80,0,0.001,0,false_true_1_3_true_0.7_false_adamw_0.3_1e-05_1024_1e-06_0_0.001_0,True,"[0.3736411929130554, 0.40063363313674927]","[0.5209068330851468, 0.4382964724844152, 0.4277927333658392, 0.43266009471633216, 0.4252306737683036]",0.216,132,,True
133,dataset/refcocog,cuda,output,models/mynet.pth,False,"['test', 'train', 'val']",0.8,"['a photo of {}', '{} in the picture', '{} in the foreground/background', 'an image showing {}']",True,matrices,False,1,512,Mean,True,32,5,False,True,0.7,0.3,AdamW,0.9,1024,1e-05,1e-06,3,80,0,0.001,1,false_true_1_3_true_0.7_false_adamw_0.3_1e-05_1024_1e-06_0_0.001_1,True,"[0.7270187139511108, 0.8060051202774048]","[1.0949027267369358, 0.9432647553357211, 0.8778577121821317, 0.845922816883434, 0.8347324566407637]",0.2251,133,,True
134,dataset/refcocog,cuda,output,models/mynet.pth,False,"['test', 'train', 'val']",0.8,"['a photo of {}', '{} in the picture', '{} in the foreground/background', 'an image showing {}']",True,matrices,False,1,512,Mean,True,32,5,False,True,0.7,0.3,AdamW,0.9,1024,1e-05,1e-06,3,80,0,0.001,2,false_true_1_3_true_0.7_false_adamw_0.3_1e-05_1024_1e-06_0_0.001_2,True,"[1.1088480949401855, 1.2354799509048462]","[1.4727302464571865, 1.315580042925748, 1.2755700241435657, 1.2517826882275669, 1.2306087233803489]",0.2271,134,,True
135,dataset/refcocog,cuda,output,models/mynet.pth,False,"['test', 'train', 'val']",0.8,"['a photo of {}', '{} in the picture', '{} in the foreground/background', 'an image showing {}']",True,matrices,False,1,512,Mean,True,32,5,False,True,0.7,0.3,AdamW,0.9,1024,1e-05,1e-06,3,80,0,0.001,4,false_true_1_3_true_0.7_false_adamw_0.3_1e-05_1024_1e-06_0_0.001_4,True,"[1.7917051315307617, 2.037602186203003]","[2.338367548855868, 2.1307048580863257, 2.0579111034219917, 2.003029227256775, 1.9769190766594626]",0.2178,135,,True
136,dataset/refcocog,cuda,output,models/mynet.pth,False,"['test', 'train', 'val']",0.8,"['a photo of {}', '{} in the picture', '{} in the foreground/background', 'an image showing {}']",True,matrices,False,1,512,Mean,True,32,5,False,True,0.7,0.3,AdamW,0.9,1024,1e-05,1e-06,3,80,0,0.005,0,false_true_1_3_true_0.7_false_adamw_0.3_1e-05_1024_1e-06_0_0.005_0,True,"[1.90315580368042, 2.1583144664764404]","[2.4624840129505503, 2.160683274269104, 2.142749959772283, 2.1118688475001943, 2.096431092782454]",0.2024,136,,True
137,dataset/refcocog,cuda,output,models/mynet.pth,False,"['test', 'train', 'val']",0.8,"['a photo of {}', '{} in the picture', '{} in the foreground/background', 'an image showing {}']",True,matrices,False,1,512,Mean,True,32,5,False,True,0.7,0.3,AdamW,0.9,1024,1e-05,1e-06,3,80,0,0.005,1,false_true_1_3_true_0.7_false_adamw_0.3_1e-05_1024_1e-06_0_0.005_1,True,"[2.2112724781036377, 2.4229676723480225]","[2.968538999557495, 2.640695745294744, 2.5487431396137583, 2.5222900997508657, 2.5230394926938144]",0.2129,137,,True
138,dataset/refcocog,cuda,output,models/mynet.pth,False,"['test', 'train', 'val']",0.8,"['a photo of {}', '{} in the picture', '{} in the foreground/background', 'an image showing {}']",True,matrices,False,1,512,Mean,True,32,5,False,True,0.7,0.3,AdamW,0.9,1024,1e-05,1e-06,3,80,0,0.005,2,false_true_1_3_true_0.7_false_adamw_0.3_1e-05_1024_1e-06_0_0.005_2,True,"[2.5416951179504395, 2.7932205200195312]","[3.7640589584003794, 3.227892615578391, 3.0271933512254194, 2.9788671840320933, 2.9326714385639536]",0.2218,138,,True
139,dataset/refcocog,cuda,output,models/mynet.pth,False,"['test', 'train', 'val']",0.8,"['a photo of {}', '{} in the picture', '{} in the foreground/background', 'an image showing {}']",True,matrices,False,1,512,Mean,True,32,5,False,True,0.7,0.3,AdamW,0.9,1024,1e-05,1e-06,3,80,0,0.005,4,false_true_1_3_true_0.7_false_adamw_0.3_1e-05_1024_1e-06_0_0.005_4,True,"[3.205432415008545, 3.60526180267334]","[4.351726575331255, 3.8931999423287134, 3.8127697814594614, 3.7146532969041304, 3.688686414198442]",0.2005,139,,True
140,dataset/refcocog,cuda,output,models/mynet.pth,False,"['test', 'train', 'val']",0.8,"['a photo of {}', '{} in the picture', '{} in the foreground/background', 'an image showing {}']",True,matrices,False,1,512,Mean,True,32,5,False,True,0.7,0.3,AdamW,0.9,1024,1e-05,1e-06,3,80,0,0.0001,0,false_true_1_3_true_0.7_false_adamw_0.3_1e-05_1024_1e-06_0_0.0001_0,True,"[0.03937290608882904, 0.04237981513142586]","[0.047356621446934616, 0.04380891268903559, 0.042729270390488884, 0.042201856659217316, 0.04195884344252673]",0.2222,140,,True
141,dataset/refcocog,cuda,output,models/mynet.pth,False,"['test', 'train', 'val']",0.8,"['a photo of {}', '{} in the picture', '{} in the foreground/background', 'an image showing {}']",True,matrices,False,1,512,Mean,True,32,5,False,True,0.7,0.3,AdamW,0.9,1024,1e-05,1e-06,3,80,0,0.0001,1,false_true_1_3_true_0.7_false_adamw_0.3_1e-05_1024_1e-06_0_0.0001_1,True,"[0.39285629987716675, 0.44482916593551636]","[0.5037751983512532, 0.4632607346231287, 0.4498093236576427, 0.4426333172754808, 0.43963332880627026]",0.2218,141,,True
142,dataset/refcocog,cuda,output,models/mynet.pth,False,"['test', 'train', 'val']",0.8,"['a photo of {}', '{} in the picture', '{} in the foreground/background', 'an image showing {}']",True,matrices,False,1,512,Mean,True,32,5,False,True,0.7,0.3,AdamW,0.9,1024,1e-05,1e-06,3,80,0,0.0001,2,false_true_1_3_true_0.7_false_adamw_0.3_1e-05_1024_1e-06_0_0.0001_2,True,"[0.772659957408905, 0.8780834078788757]","[0.9769181067293341, 0.9048619595440951, 0.867240390994332, 0.8535257848826322, 0.8465319926088507]",0.2243,142,,True
143,dataset/refcocog,cuda,output,models/mynet.pth,False,"['test', 'train', 'val']",0.8,"['a photo of {}', '{} in the picture', '{} in the foreground/background', 'an image showing {}']",True,matrices,False,1,512,Mean,True,32,5,False,True,0.7,0.3,AdamW,0.9,1024,1e-05,1e-06,3,80,0,0.0001,4,false_true_1_3_true_0.7_false_adamw_0.3_1e-05_1024_1e-06_0_0.0001_4,True,"[1.484621524810791, 1.714785099029541]","[1.87486732006073, 1.720334995876659, 1.680653377012773, 1.6627162153070623, 1.6479142795909534]",0.2197,143,,True
144,dataset/refcocog,cuda,output,models/mynet.pth,False,"['test', 'train', 'val']",0.8,"['a photo of {}', '{} in the picture', '{} in the foreground/background', 'an image showing {}']",True,matrices,False,1,512,Mean,True,32,5,False,True,0.7,0.3,AdamW,0.9,1024,1e-05,1e-06,3,80,1,0.0,0,false_true_1_3_true_0.7_false_adamw_0.3_1e-05_1024_1e-06_1_0_0,True,"[0.7979344725608826, 0.8084343671798706]","[1.0829747861081904, 0.9568487297404896, 0.8860794414173473, 0.8717399185354059, 0.8557904958724976]",0.2459,144,,True
145,dataset/refcocog,cuda,output,models/mynet.pth,False,"['test', 'train', 'val']",0.8,"['a photo of {}', '{} in the picture', '{} in the foreground/background', 'an image showing {}']",True,matrices,False,1,512,Mean,True,32,5,False,True,0.7,0.3,AdamW,0.9,1024,1e-05,1e-06,3,80,1,0.0,1,false_true_1_3_true_0.7_false_adamw_0.3_1e-05_1024_1e-06_1_0_1,True,"[1.166231632232666, 1.250993251800537]","[1.5046080892736262, 1.3130290508270264, 1.2594116926193237, 1.240049492229115, 1.222600893540816]",0.2336,145,,True
146,dataset/refcocog,cuda,output,models/mynet.pth,False,"['test', 'train', 'val']",0.8,"['a photo of {}', '{} in the picture', '{} in the foreground/background', 'an image showing {}']",True,matrices,False,1,512,Mean,True,32,5,False,True,0.7,0.3,AdamW,0.9,1024,1e-05,1e-06,3,80,1,0.0,2,false_true_1_3_true_0.7_false_adamw_0.3_1e-05_1024_1e-06_1_0_2,True,"[1.4875593185424805, 1.6401638984680176]","[1.8549354076385498, 1.7345070947300305, 1.6661751487038352, 1.6362513845617122, 1.6260758638381958]",0.249,146,,True
147,dataset/refcocog,cuda,output,models/mynet.pth,False,"['test', 'train', 'val']",0.8,"['a photo of {}', '{} in the picture', '{} in the foreground/background', 'an image showing {}']",True,matrices,False,1,512,Mean,True,32,5,False,True,0.7,0.3,AdamW,0.9,1024,1e-05,1e-06,3,80,1,0.0,4,false_true_1_3_true_0.7_false_adamw_0.3_1e-05_1024_1e-06_1_0_4,True,"[2.2288501262664795, 2.4659018516540527]","[2.8554515188390557, 2.6576697392897173, 2.564262866973877, 2.506372191689231, 2.470259341326627]",0.252,147,,True
148,dataset/refcocog,cuda,output,models/mynet.pth,False,"['test', 'train', 'val']",0.8,"['a photo of {}', '{} in the picture', '{} in the foreground/background', 'an image showing {}']",True,matrices,False,1,512,Mean,True,32,5,False,True,0.7,0.3,AdamW,0.9,1024,1e-05,1e-06,3,80,1,0.001,0,false_true_1_3_true_0.7_false_adamw_0.3_1e-05_1024_1e-06_1_0.001_0,True,"[1.2201122045516968, 1.232407569885254]","[1.4004189642992886, 1.2837451262907549, 1.2580909729003906, 1.2595134323293513, 1.2522180080413818]",0.2308,148,,True
149,dataset/refcocog,cuda,output,models/mynet.pth,False,"['test', 'train', 'val']",0.8,"['a photo of {}', '{} in the picture', '{} in the foreground/background', 'an image showing {}']",True,matrices,False,1,512,Mean,True,32,5,False,True,0.7,0.3,AdamW,0.9,1024,1e-05,1e-06,3,80,1,0.001,1,false_true_1_3_true_0.7_false_adamw_0.3_1e-05_1024_1e-06_1_0.001_1,True,"[1.558345913887024, 1.6613678932189941]","[2.164038159630515, 1.9247464591806585, 1.7995762066407637, 1.7468923655423252, 1.716681339524009]",0.2509,149,,True
150,dataset/refcocog,cuda,output,models/mynet.pth,False,"['test', 'train', 'val']",0.8,"['a photo of {}', '{} in the picture', '{} in the foreground/background', 'an image showing {}']",True,matrices,False,1,512,Mean,True,32,5,False,True,0.7,0.3,AdamW,0.9,1024,1e-05,1e-06,3,80,1,0.001,2,false_true_1_3_true_0.7_false_adamw_0.3_1e-05_1024_1e-06_1_0.001_2,True,"[1.9127730131149292, 2.0834059715270996]","[2.825695449655706, 2.4645642800764604, 2.2969925620339136, 2.2236623764038086, 2.177956559441306]",0.255,150,,True
151,dataset/refcocog,cuda,output,models/mynet.pth,False,"['test', 'train', 'val']",0.8,"['a photo of {}', '{} in the picture', '{} in the foreground/background', 'an image showing {}']",True,matrices,False,1,512,Mean,True,32,5,False,True,0.7,0.3,AdamW,0.9,1024,1e-05,1e-06,3,80,1,0.001,4,false_true_1_3_true_0.7_false_adamw_0.3_1e-05_1024_1e-06_1_0.001_4,True,"[2.629495859146118, 2.866888999938965]","[3.510694070295854, 3.1305548494512383, 2.977031707763672, 2.902552778070623, 2.85937237739563]",0.2506,151,,True
152,dataset/refcocog,cuda,output,models/mynet.pth,False,"['test', 'train', 'val']",0.8,"['a photo of {}', '{} in the picture', '{} in the foreground/background', 'an image showing {}']",True,matrices,False,1,512,Mean,True,32,5,False,True,0.7,0.3,AdamW,0.9,1024,1e-05,1e-06,3,80,1,0.005,0,false_true_1_3_true_0.7_false_adamw_0.3_1e-05_1024_1e-06_1_0.005_0,True,"[2.808823585510254, 2.9963459968566895]","[3.2612641724673184, 2.9887620969252153, 2.979111433029175, 2.9690845662897285, 2.9931242032484575]",0.2292,152,,True
153,dataset/refcocog,cuda,output,models/mynet.pth,False,"['test', 'train', 'val']",0.8,"['a photo of {}', '{} in the picture', '{} in the foreground/background', 'an image showing {}']",True,matrices,False,1,512,Mean,True,32,5,False,True,0.7,0.3,AdamW,0.9,1024,1e-05,1e-06,3,80,1,0.005,1,false_true_1_3_true_0.7_false_adamw_0.3_1e-05_1024_1e-06_1_0.005_1,True,"[3.10392165184021, 3.2507293224334717]","[3.9505487138574775, 3.513907324184071, 3.427221168171276, 3.409578258341009, 3.4054772420362993]",0.2404,153,,True
154,dataset/refcocog,cuda,output,models/mynet.pth,False,"['test', 'train', 'val']",0.8,"['a photo of {}', '{} in the picture', '{} in the foreground/background', 'an image showing {}']",True,matrices,False,1,512,Mean,True,32,5,False,True,0.7,0.3,AdamW,0.9,1024,1e-05,1e-06,3,80,1,0.005,2,false_true_1_3_true_0.7_false_adamw_0.3_1e-05_1024_1e-06_1_0.005_2,True,"[3.503872871398926, 3.631807804107666]","[5.041074926202947, 4.266955570741133, 3.9792820757085625, 3.8305338729511607, 3.816940199245106]",0.246,154,,True
155,dataset/refcocog,cuda,output,models/mynet.pth,False,"['test', 'train', 'val']",0.8,"['a photo of {}', '{} in the picture', '{} in the foreground/background', 'an image showing {}']",True,matrices,False,1,512,Mean,True,32,5,False,True,0.7,0.3,AdamW,0.9,1024,1e-05,1e-06,3,80,1,0.005,4,false_true_1_3_true_0.7_false_adamw_0.3_1e-05_1024_1e-06_1_0.005_4,True,"[4.207513809204102, 4.578837871551514]","[5.936891685832631, 5.046983935616233, 4.760928370735862, 4.685308283025568, 4.646785302595659]",0.239,155,,True
156,dataset/refcocog,cuda,output,models/mynet.pth,False,"['test', 'train', 'val']",0.8,"['a photo of {}', '{} in the picture', '{} in the foreground/background', 'an image showing {}']",True,matrices,False,1,512,Mean,True,32,5,False,True,0.7,0.3,AdamW,0.9,1024,1e-05,1e-06,3,80,1,0.0001,0,false_true_1_3_true_0.7_false_adamw_0.3_1e-05_1024_1e-06_1_0.0001_0,True,"[0.8270312547683716, 0.8644816875457764]","[1.1499957279725508, 1.0076887119900098, 0.9505378712307323, 0.9235076904296875, 0.897678483616222]",0.2428,156,,True
157,dataset/refcocog,cuda,output,models/mynet.pth,False,"['test', 'train', 'val']",0.8,"['a photo of {}', '{} in the picture', '{} in the foreground/background', 'an image showing {}']",True,matrices,False,1,512,Mean,True,32,5,False,True,0.7,0.3,AdamW,0.9,1024,1e-05,1e-06,3,80,1,0.0001,1,false_true_1_3_true_0.7_false_adamw_0.3_1e-05_1024_1e-06_1_0.0001_1,True,"[1.1889429092407227, 1.2639105319976807]","[1.5468174110759387, 1.3940566778182983, 1.3378518169576472, 1.3029350692575628, 1.2893414063887163]",0.2485,157,,True
158,dataset/refcocog,cuda,output,models/mynet.pth,False,"['test', 'train', 'val']",0.8,"['a photo of {}', '{} in the picture', '{} in the foreground/background', 'an image showing {}']",True,matrices,False,1,512,Mean,True,32,5,False,True,0.7,0.3,AdamW,0.9,1024,1e-05,1e-06,3,80,1,0.0001,2,false_true_1_3_true_0.7_false_adamw_0.3_1e-05_1024_1e-06_1_0.0001_2,True,"[1.5478897094726562, 1.7080543041229248]","[2.0371661619706587, 1.8780486475337634, 1.7819050658832898, 1.7457830580798062, 1.7242464152249424]",0.2534,158,,True
159,dataset/refcocog,cuda,output,models/mynet.pth,False,"['test', 'train', 'val']",0.8,"['a photo of {}', '{} in the picture', '{} in the foreground/background', 'an image showing {}']",True,matrices,False,1,512,Mean,True,32,5,False,True,0.7,0.3,AdamW,0.9,1024,1e-05,1e-06,3,80,1,0.0001,4,false_true_1_3_true_0.7_false_adamw_0.3_1e-05_1024_1e-06_1_0.0001_4,True,"[2.270390748977661, 2.498734951019287]","[2.9770585623654453, 2.7053206617181953, 2.6023237054998223, 2.5325380021875556, 2.4922503341328013]",0.256,159,,True
160,dataset/refcocog,cuda,output,models/mynet.pth,False,"['test', 'train', 'val']",0.8,"['a photo of {}', '{} in the picture', '{} in the foreground/background', 'an image showing {}']",True,matrices,False,1,512,Mean,True,32,5,False,True,0.7,0.3,AdamW,0.9,1024,1e-05,1e-06,3,80,2,0.0,0,false_true_1_3_true_0.7_false_adamw_0.3_1e-05_1024_1e-06_2_0_0,True,"[1.570814847946167, 1.5855600833892822]","[2.0731040347706187, 1.8919796510176226, 1.7764258818192915, 1.72491455078125, 1.6814886331558228]",0.2429,160,,True
161,dataset/refcocog,cuda,output,models/mynet.pth,False,"['test', 'train', 'val']",0.8,"['a photo of {}', '{} in the picture', '{} in the foreground/background', 'an image showing {}']",True,matrices,False,1,512,Mean,True,32,5,False,True,0.7,0.3,AdamW,0.9,1024,1e-05,1e-06,3,80,2,0.0,1,false_true_1_3_true_0.7_false_adamw_0.3_1e-05_1024_1e-06_2_0_1,True,"[1.9310423135757446, 2.0216007232666016]","[2.3412427685477515, 2.1627793962305244, 2.1075010949915107, 2.0522584048184482, 2.040321610190652]",0.2399,161,,True
162,dataset/refcocog,cuda,output,models/mynet.pth,False,"['test', 'train', 'val']",0.8,"['a photo of {}', '{} in the picture', '{} in the foreground/background', 'an image showing {}']",True,matrices,False,1,512,Mean,True,32,5,False,True,0.7,0.3,AdamW,0.9,1024,1e-05,1e-06,3,80,2,0.0,2,false_true_1_3_true_0.7_false_adamw_0.3_1e-05_1024_1e-06_2_0_2,True,"[2.2786388397216797, 2.442880630493164]","[2.96131029996005, 2.6598367907784204, 2.557282794605602, 2.512689460407604, 2.4942662715911865]",0.2502,162,,True
163,dataset/refcocog,cuda,output,models/mynet.pth,False,"['test', 'train', 'val']",0.8,"['a photo of {}', '{} in the picture', '{} in the foreground/background', 'an image showing {}']",True,matrices,False,1,512,Mean,True,32,5,False,True,0.7,0.3,AdamW,0.9,1024,1e-05,1e-06,3,80,2,0.0,4,false_true_1_3_true_0.7_false_adamw_0.3_1e-05_1024_1e-06_2_0_4,True,"[3.022284507751465, 3.328113079071045]","[3.8795539032329214, 3.557472055608576, 3.4207897836511787, 3.3509107286279853, 3.296553048220548]",0.2491,163,,True
164,dataset/refcocog,cuda,output,models/mynet.pth,False,"['test', 'train', 'val']",0.8,"['a photo of {}', '{} in the picture', '{} in the foreground/background', 'an image showing {}']",True,matrices,False,1,512,Mean,True,32,5,False,True,0.7,0.3,AdamW,0.9,1024,1e-05,1e-06,3,80,2,0.001,0,false_true_1_3_true_0.7_false_adamw_0.3_1e-05_1024_1e-06_2_0.001_0,True,"[1.9767279624938965, 2.0437495708465576]","[2.480774315920743, 2.191613262349909, 2.128510215065696, 2.092651508071206, 2.0785234841433438]",0.2301,164,,True
165,dataset/refcocog,cuda,output,models/mynet.pth,False,"['test', 'train', 'val']",0.8,"['a photo of {}', '{} in the picture', '{} in the foreground/background', 'an image showing {}']",True,matrices,False,1,512,Mean,True,32,5,False,True,0.7,0.3,AdamW,0.9,1024,1e-05,1e-06,3,80,2,0.001,1,false_true_1_3_true_0.7_false_adamw_0.3_1e-05_1024_1e-06_2_0.001_1,True,"[2.3287622928619385, 2.4764668941497803]","[3.310367389158769, 2.9224453405900435, 2.7222045118158515, 2.6202339692549272, 2.5956005399877373]",0.2535,165,,True
166,dataset/refcocog,cuda,output,models/mynet.pth,False,"['test', 'train', 'val']",0.8,"['a photo of {}', '{} in the picture', '{} in the foreground/background', 'an image showing {}']",True,matrices,False,1,512,Mean,True,32,5,False,True,0.7,0.3,AdamW,0.9,1024,1e-05,1e-06,3,80,2,0.001,2,false_true_1_3_true_0.7_false_adamw_0.3_1e-05_1024_1e-06_2_0.001_2,True,"[2.686861991882324, 2.897542953491211]","[3.5924279256300493, 3.2722001509232954, 3.116915832866322, 3.0381851413033227, 2.9956068342382256]",0.2475,166,,True
167,dataset/refcocog,cuda,output,models/mynet.pth,False,"['test', 'train', 'val']",0.8,"['a photo of {}', '{} in the picture', '{} in the foreground/background', 'an image showing {}']",True,matrices,False,1,512,Mean,True,32,5,False,True,0.7,0.3,AdamW,0.9,1024,1e-05,1e-06,3,80,2,0.001,4,false_true_1_3_true_0.7_false_adamw_0.3_1e-05_1024_1e-06_2_0.001_4,True,"[3.4213242530822754, 3.6782126426696777]","[4.576803944327614, 4.123237739909779, 3.9274434826590796, 3.8121930902654473, 3.7684906179254707]",0.2531,167,,True
168,dataset/refcocog,cuda,output,models/mynet.pth,False,"['test', 'train', 'val']",0.8,"['a photo of {}', '{} in the picture', '{} in the foreground/background', 'an image showing {}']",True,matrices,False,1,512,Mean,True,32,5,False,True,0.7,0.3,AdamW,0.9,1024,1e-05,1e-06,3,80,2,0.005,0,false_true_1_3_true_0.7_false_adamw_0.3_1e-05_1024_1e-06_2_0.005_0,True,"[3.640322208404541, 3.8291172981262207]","[4.540965730493719, 3.964684768156572, 3.879172932017933, 3.8527175296436655, 3.807373285293579]",0.2313,168,,True
169,dataset/refcocog,cuda,output,models/mynet.pth,False,"['test', 'train', 'val']",0.8,"['a photo of {}', '{} in the picture', '{} in the foreground/background', 'an image showing {}']",True,matrices,False,1,512,Mean,True,32,5,False,True,0.7,0.3,AdamW,0.9,1024,1e-05,1e-06,3,80,2,0.005,1,false_true_1_3_true_0.7_false_adamw_0.3_1e-05_1024_1e-06_2_0.005_1,True,"[3.9690396785736084, 4.222251892089844]","[5.055479179729115, 4.510405757210472, 4.287726272236217, 4.272381695834073, 4.250241301276467]",0.2323,169,,True
170,dataset/refcocog,cuda,output,models/mynet.pth,False,"['test', 'train', 'val']",0.8,"['a photo of {}', '{} in the picture', '{} in the foreground/background', 'an image showing {}']",True,matrices,False,1,512,Mean,True,32,5,False,True,0.7,0.3,AdamW,0.9,1024,1e-05,1e-06,3,80,2,0.005,2,false_true_1_3_true_0.7_false_adamw_0.3_1e-05_1024_1e-06_2_0.005_2,True,"[4.31072998046875, 4.571067810058594]","[5.526635733517733, 4.975919203324751, 4.7400523966008965, 4.701560670679266, 4.659225984053179]",0.2477,170,,True
171,dataset/refcocog,cuda,output,models/mynet.pth,False,"['test', 'train', 'val']",0.8,"['a photo of {}', '{} in the picture', '{} in the foreground/background', 'an image showing {}']",True,matrices,False,1,512,Mean,True,32,5,False,True,0.7,0.3,AdamW,0.9,1024,1e-05,1e-06,3,80,2,0.005,4,false_true_1_3_true_0.7_false_adamw_0.3_1e-05_1024_1e-06_2_0.005_4,True,"[5.0411176681518555, 5.480517387390137]","[6.547208612615412, 5.842916271903298, 5.609901471571489, 5.530628377741033, 5.447345170107755]",0.2452,171,,True
172,dataset/refcocog,cuda,output,models/mynet.pth,False,"['test', 'train', 'val']",0.8,"['a photo of {}', '{} in the picture', '{} in the foreground/background', 'an image showing {}']",True,matrices,False,1,512,Mean,True,32,5,False,True,0.7,0.3,AdamW,0.9,1024,1e-05,1e-06,3,80,2,0.0001,0,false_true_1_3_true_0.7_false_adamw_0.3_1e-05_1024_1e-06_2_0.0001_0,True,"[1.6455087661743164, 1.667059063911438]","[2.0246820774945347, 1.7902291904796253, 1.7077145684849133, 1.6807517571882769, 1.6554012190211902]",0.2212,172,,True
173,dataset/refcocog,cuda,output,models/mynet.pth,False,"['test', 'train', 'val']",0.8,"['a photo of {}', '{} in the picture', '{} in the foreground/background', 'an image showing {}']",True,matrices,False,1,512,Mean,True,32,5,False,True,0.7,0.3,AdamW,0.9,1024,1e-05,1e-06,3,80,2,0.0001,1,false_true_1_3_true_0.7_false_adamw_0.3_1e-05_1024_1e-06_2_0.0001_1,True,"[2.009875774383545, 2.131582736968994]","[2.87700156732039, 2.5226559205488726, 2.381055333397605, 2.292589230970903, 2.250369982285933]",0.252,173,,True
174,dataset/refcocog,cuda,output,models/mynet.pth,False,"['test', 'train', 'val']",0.8,"['a photo of {}', '{} in the picture', '{} in the foreground/background', 'an image showing {}']",True,matrices,False,1,512,Mean,True,32,5,False,True,0.7,0.3,AdamW,0.9,1024,1e-05,1e-06,3,80,2,0.0001,2,false_true_1_3_true_0.7_false_adamw_0.3_1e-05_1024_1e-06_2_0.0001_2,True,"[2.365316390991211, 2.5309510231018066]","[3.2945881106636743, 2.980439554561268, 2.8042230822823266, 2.718272664330222, 2.640202132138339]",0.258,174,,True
175,dataset/refcocog,cuda,output,models/mynet.pth,False,"['test', 'train', 'val']",0.8,"['a photo of {}', '{} in the picture', '{} in the foreground/background', 'an image showing {}']",True,matrices,False,1,512,Mean,True,32,5,False,True,0.7,0.3,AdamW,0.9,1024,1e-05,1e-06,3,80,2,0.0001,4,false_true_1_3_true_0.7_false_adamw_0.3_1e-05_1024_1e-06_2_0.0001_4,True,"[3.0642127990722656, 3.3425400257110596]","[4.131413806568492, 3.7277031378312544, 3.5273277759552, 3.461266040802002, 3.3971576257185503]",0.2622,175,,True
176,dataset/refcocog,cuda,output,models/mynet.pth,False,"['test', 'train', 'val']",0.8,"['a photo of {}', '{} in the picture', '{} in the foreground/background', 'an image showing {}']",True,matrices,False,1,512,Mean,True,32,5,False,True,0.7,0.3,AdamW,0.9,1024,1e-05,1e-06,3,80,4,0.0,0,false_true_1_3_true_0.7_false_adamw_0.3_1e-05_1024_1e-06_4_0_0,True,"[3.1665148735046387, 3.22542405128479]","[4.277341864325783, 3.7589520757848565, 3.513896855441007, 3.4362633445046167, 3.3601118217815054]",0.2388,176,,True
177,dataset/refcocog,cuda,output,models/mynet.pth,False,"['test', 'train', 'val']",0.8,"['a photo of {}', '{} in the picture', '{} in the foreground/background', 'an image showing {}']",True,matrices,False,1,512,Mean,True,32,5,False,True,0.7,0.3,AdamW,0.9,1024,1e-05,1e-06,3,80,4,0.0,1,false_true_1_3_true_0.7_false_adamw_0.3_1e-05_1024_1e-06_4_0_1,True,"[3.539257526397705, 3.7053287029266357]","[4.678732005032626, 4.232549082149159, 4.040227153084495, 3.9659670049493965, 3.9112230864438144]",0.2522,177,,True
178,dataset/refcocog,cuda,output,models/mynet.pth,False,"['test', 'train', 'val']",0.8,"['a photo of {}', '{} in the picture', '{} in the foreground/background', 'an image showing {}']",True,matrices,False,1,512,Mean,True,32,5,False,True,0.7,0.3,AdamW,0.9,1024,1e-05,1e-06,3,80,4,0.0,2,false_true_1_3_true_0.7_false_adamw_0.3_1e-05_1024_1e-06_4_0_2,True,"[3.8759241104125977, 4.0760297775268555]","[5.158420996232466, 4.500484336506236, 4.326125535097989, 4.234450817108154, 4.162697228518399]",0.2499,178,,True
179,dataset/refcocog,cuda,output,models/mynet.pth,False,"['test', 'train', 'val']",0.8,"['a photo of {}', '{} in the picture', '{} in the foreground/background', 'an image showing {}']",True,matrices,False,1,512,Mean,True,32,5,False,True,0.7,0.3,AdamW,0.9,1024,1e-05,1e-06,3,80,4,0.0,4,false_true_1_3_true_0.7_false_adamw_0.3_1e-05_1024_1e-06_4_0_4,True,"[4.648830413818359, 4.840404033660889]","[6.375619714910334, 5.84366343238137, 5.5118327574296435, 5.292140657251531, 5.188617402857]",0.2651,179,,True
180,dataset/refcocog,cuda,output,models/mynet.pth,False,"['test', 'train', 'val']",0.8,"['a photo of {}', '{} in the picture', '{} in the foreground/background', 'an image showing {}']",True,matrices,False,1,512,Mean,True,32,5,False,True,0.7,0.3,AdamW,0.9,1024,1e-05,1e-06,3,80,4,0.001,0,false_true_1_3_true_0.7_false_adamw_0.3_1e-05_1024_1e-06_4_0.001_0,True,"[3.586024522781372, 3.6921842098236084]","[4.663488127968528, 4.151082342321223, 3.833156802437522, 3.791293057528409, 3.7076944437893955]",0.2337,180,,True
181,dataset/refcocog,cuda,output,models/mynet.pth,False,"['test', 'train', 'val']",0.8,"['a photo of {}', '{} in the picture', '{} in the foreground/background', 'an image showing {}']",True,matrices,False,1,512,Mean,True,32,5,False,True,0.7,0.3,AdamW,0.9,1024,1e-05,1e-06,3,80,4,0.001,1,false_true_1_3_true_0.7_false_adamw_0.3_1e-05_1024_1e-06_4_0.001_1,True,"[3.9036896228790283, 4.054077625274658]","[5.536663055419922, 4.65140455419367, 4.359987995841286, 4.275706724687056, 4.205968791788274]",0.2443,181,,True
182,dataset/refcocog,cuda,output,models/mynet.pth,False,"['test', 'train', 'val']",0.8,"['a photo of {}', '{} in the picture', '{} in the foreground/background', 'an image showing {}']",True,matrices,False,1,512,Mean,True,32,5,False,True,0.7,0.3,AdamW,0.9,1024,1e-05,1e-06,3,80,4,0.001,2,false_true_1_3_true_0.7_false_adamw_0.3_1e-05_1024_1e-06_4_0.001_2,True,"[4.251206398010254, 4.513472557067871]","[5.429069519042969, 4.890637311068448, 4.693404891274192, 4.603623216802424, 4.529973463578657]",0.2475,182,,True
183,dataset/refcocog,cuda,output,models/mynet.pth,False,"['test', 'train', 'val']",0.8,"['a photo of {}', '{} in the picture', '{} in the foreground/background', 'an image showing {}']",True,matrices,False,1,512,Mean,True,32,5,False,True,0.7,0.3,AdamW,0.9,1024,1e-05,1e-06,3,80,4,0.001,4,false_true_1_3_true_0.7_false_adamw_0.3_1e-05_1024_1e-06_4_0.001_4,True,"[5.05247688293457, 5.410173416137695]","[6.7357683181762695, 5.952175877311013, 5.662667447870428, 5.49252666126598, 5.458971673792059]",0.2457,183,,True
184,dataset/refcocog,cuda,output,models/mynet.pth,False,"['test', 'train', 'val']",0.8,"['a photo of {}', '{} in the picture', '{} in the foreground/background', 'an image showing {}']",True,matrices,False,1,512,Mean,True,32,5,False,True,0.7,0.3,AdamW,0.9,1024,1e-05,1e-06,3,80,4,0.005,0,false_true_1_3_true_0.7_false_adamw_0.3_1e-05_1024_1e-06_4_0.005_0,True,"[5.234328746795654, 5.395397186279297]","[6.414817506616766, 5.767879269339821, 5.570081017234108, 5.55984540419145, 5.488487026908181]",0.2289,184,,True
185,dataset/refcocog,cuda,output,models/mynet.pth,False,"['test', 'train', 'val']",0.8,"['a photo of {}', '{} in the picture', '{} in the foreground/background', 'an image showing {}']",True,matrices,False,1,512,Mean,True,32,5,False,True,0.7,0.3,AdamW,0.9,1024,1e-05,1e-06,3,80,4,0.005,1,false_true_1_3_true_0.7_false_adamw_0.3_1e-05_1024_1e-06_4_0.005_1,True,"[5.598292350769043, 5.891071796417236]","[6.750520099293102, 6.123523408716375, 5.974630312486128, 5.903616124933416, 5.894108338789507]",0.2336,185,,True
186,dataset/refcocog,cuda,output,models/mynet.pth,False,"['test', 'train', 'val']",0.8,"['a photo of {}', '{} in the picture', '{} in the foreground/background', 'an image showing {}']",True,matrices,False,1,512,Mean,True,32,5,False,True,0.7,0.3,AdamW,0.9,1024,1e-05,1e-06,3,80,4,0.005,2,false_true_1_3_true_0.7_false_adamw_0.3_1e-05_1024_1e-06_4_0.005_2,True,"[5.849664688110352, 6.140841960906982]","[7.797724723815918, 6.825598846782338, 6.575154651295055, 6.367319453846324, 6.381383115595037]",0.2431,186,,True
187,dataset/refcocog,cuda,output,models/mynet.pth,False,"['test', 'train', 'val']",0.8,"['a photo of {}', '{} in the picture', '{} in the foreground/background', 'an image showing {}']",True,matrices,False,1,512,Mean,True,32,5,False,True,0.7,0.3,AdamW,0.9,1024,1e-05,1e-06,3,80,4,0.005,4,false_true_1_3_true_0.7_false_adamw_0.3_1e-05_1024_1e-06_4_0.005_4,True,"[6.562258720397949, 6.9348978996276855]","[8.212980313734574, 7.511771158738569, 7.3187126246365635, 7.194864663210782, 7.120909907601097]",0.2451,187,,True
188,dataset/refcocog,cuda,output,models/mynet.pth,False,"['test', 'train', 'val']",0.8,"['a photo of {}', '{} in the picture', '{} in the foreground/background', 'an image showing {}']",True,matrices,False,1,512,Mean,True,32,5,False,True,0.7,0.3,AdamW,0.9,1024,1e-05,1e-06,3,80,4,0.0001,0,false_true_1_3_true_0.7_false_adamw_0.3_1e-05_1024_1e-06_4_0.0001_0,True,"[3.1843886375427246, 3.320765495300293]","[4.356213309548118, 3.924883495677601, 3.6250309510664507, 3.54193732955239, 3.510872255672108]",0.2424,188,,True
189,dataset/refcocog,cuda,output,models/mynet.pth,False,"['test', 'train', 'val']",0.8,"['a photo of {}', '{} in the picture', '{} in the foreground/background', 'an image showing {}']",True,matrices,False,1,512,Mean,True,32,5,False,True,0.7,0.3,AdamW,0.9,1024,1e-05,1e-06,3,80,4,0.0001,1,false_true_1_3_true_0.7_false_adamw_0.3_1e-05_1024_1e-06_4_0.0001_1,True,"[3.5448577404022217, 3.748467206954956]","[4.649305950511586, 4.224918213757602, 3.965190042148937, 3.947152116081931, 3.8397852074016225]",0.2468,189,,True
190,dataset/refcocog,cuda,output,models/mynet.pth,False,"['test', 'train', 'val']",0.8,"['a photo of {}', '{} in the picture', '{} in the foreground/background', 'an image showing {}']",True,matrices,False,1,512,Mean,True,32,5,False,True,0.7,0.3,AdamW,0.9,1024,1e-05,1e-06,3,80,4,0.0001,2,false_true_1_3_true_0.7_false_adamw_0.3_1e-05_1024_1e-06_4_0.0001_2,True,"[3.9654581546783447, 4.15766716003418]","[5.188616795973345, 4.664147897200151, 4.460130431435325, 4.351283723657781, 4.292098132046786]",0.2507,190,,True
191,dataset/refcocog,cuda,output,models/mynet.pth,False,"['test', 'train', 'val']",0.8,"['a photo of {}', '{} in the picture', '{} in the foreground/background', 'an image showing {}']",True,matrices,False,1,512,Mean,True,32,5,False,True,0.7,0.3,AdamW,0.9,1024,1e-05,1e-06,3,80,4,0.0001,4,false_true_1_3_true_0.7_false_adamw_0.3_1e-05_1024_1e-06_4_0.0001_4,True,"[4.643001079559326, 5.003515243530273]","[6.0035340135747735, 5.609834064136852, 5.336966081099077, 5.209193749861284, 5.12065315246582]",0.2555,191,,True
